软件工程,"刘强,刘璘",清华大学,103437,"用正确的方式建造有价值的软件，软件工程课程为您讲授软件系统的构建之道！ 本课程为国家级精品在线开放课程和国家级一流本科课程，并入围首批中国高校计算机教育慕课联盟—华为技术公司""智能基座""课程。"
软件理论基础,罗贵明,清华大学,21032,本课程介绍形式语言、自动机、文法、可判定性问题及计算复杂性。
分数域信号与信息处理及其应用,陶然,北京理工大学,20827,你想知道什么是分数傅里叶变换吗？你想知道它与经典的傅里叶变换之间具有怎样的关系吗？你想知道什么是分数域信号与信息处理吗？你想知道分数域信号与信息处理有哪些新理论和新应用吗？想知道这些问题的答案，跟随北京理工大学教授、北京市教学名师陶然教授走进“分数域信号与信息处理及其应用”进行学习吧！
计算机文化基础,"李秀,姚瑞霞,安颖莲,全成斌",清华大学,91339,面对无处不在的信息技术，你一定希望应用工具和技术解决常见的学习工作问题。甚至希望能够将信息技术应用到新的地方，那么，请加入课程学习！
程序设计基础,"徐明星,王瑀屏,邬晓钧",清华大学,89943,如何从生活中提炼算法，使计算机能象人一样解决问题？如何运用计算思维，用计算机来提高人的能力？我们将为你呈现一个既熟悉又陌生的精彩世界，带你感悟不一样的计算人生。
C++语言程序设计基础,"郑莉,李超,徐明星",清华大学,466913,C++是从C语言发展演变而来的一种面向对象的程序设计语言，本课程是一门面向广大初学者的入门课程。
VC++面向对象与可视化程序设计（下）：MFC编程基础,黄维通,清华大学,69490,本部分课程是介绍基于MFC的面向对象程序设计，内容涉及MFC构架、一系列常用控件、资源、单文档、多文档、数据库编程、多媒体编程等内容。 
大学计算机基础,"徐红云,刘欣欣,曹晓叶",华南理工大学,52762,《大学计算机基础》是为非计算机专业学生开设的第一门计算机基础课。想一网打尽计算机的基础知识，培养计算思维能力，了解常用软件的用途及操作技巧，在互联网+时代成为精通计算机及相关技术的专业人才，那就快来学习这门课程吧！
JAVA程序设计进阶,许斌,清华大学,52681,本课程内容主要包括java线程、网络编程、java虚拟机、垃圾回收机制、java集合类详解、java反射与代理以及java的字节码技术。
C语言程序设计基础,"李丹,耿植,杨琼,高腾刚",贵州理工学院,20683,是否尝试过学习C语言然后又放弃了，或者学得一知半解无法编程？在本课程里，你将重新发现C语言的关键所在——方法，你将发现编程的魅力!
玩转计算机二级—office高级修炼,"苟燕,刘志国,王强,侯欣舒,王莉",内蒙古师范大学,20508,       你还在为如何通过全国计算机等级考试而苦恼吗？你还在为毕业论文如何排版而发愁吗？你还在为初入职场却因为小白级别的计算机实操能力心中郁闷吗？还等什么？赶快加入“玩转计算机二级—office高级修炼”课程的学习吧！
人工智能原理,王文敏,北京大学,79368,"本课程在系统回顾人工智能发展史的基础上，重点介绍人工智能的核心思想、基本理论，基本方法与部分应用。 课程以英文原版教材为主，并根据人工智能、特别是机器学习领域的发展和变化，编撰和充实了大量内容。采用中英文PPT,中文讲授。"
组合数学,马昱春,清华大学,78962,"本课程是计算机专业核心的基础理论课，是计算机理论分析和算法设计的基础,侧重介绍组合数学的概念和思想，研究离散对象的计数方法和相关理论。"
数据结构(上),邓俊辉,清华大学,456243,本课程旨在围绕各类数据结构的设计与实现，揭示其中的规律原理与方法技巧；同时针对算法设计及其性能分析，使学生了解并掌握主要的套路与手段。
数据结构（下）,邓俊辉,清华大学,381157,本课程旨在围绕各类数据结构的设计与实现，揭示其中的规律原理与方法技巧；同时针对算法设计及其性能分析，使学生了解并掌握主要的套路与手段。   
单片机原理及应用,"杨居义,王颖丽,蒲敏,向兵",绵阳职业技术学院,40848,在数字化转型的大变革中，每天都会遇到上百片单片机的应用，你想学习一门技能吗？你想为人工智能的到来做点准备吗？本课程为你轻松解决学习单片机知识和技能。今天学的将是明天用的！
Web前端攻城狮,"刘强,吴亮,赵文博",清华大学,64233,作为一名合格的前端攻城狮，要写得了样式磕得了脚本，玩得转ES6，架得起业务框架拎得起动画效果，撑得住浏览器抵得住服务端，这门课值得拥有！
大学计算机教程,"张莉,马钦",中国农业大学,63595,新时代、新技术、新发展，不能没有新知识新技能，在越来越多中小学生加入到学编程玩竞赛的今天，智者有志必先行。 本课程作为高校新生入学第一门计算机导论和公共基础核心课，跟随新时代新技术发展，不断建设不断提升，已成为深入系统自主创新学习、自我全面提升必修环节。本课程基于新版教材，是长期主持“大学计算机基础”教改立项建设积累的提升发展，校内外广泛应用至今，获奖多项。本课程是高校学科交叉融合人才培养必不可少核心课程，相关内容也是国内外高校重基础理论，强化计算思维综合能力系统提升的必备基础核心课程（core courses）。
物联网概论,何源,清华大学,32499,在万物互联的时代即将到来之时，让我们一起通过这门课程，认识物联网的基本概念，掌握物联网的关键技术，了解物联网的前沿动态，领略物联网的应用发展。
大学计算机——计算思维的视角,郝兴伟,山东大学,52341,全面培养学生的计算科学修养，信息素养，培养学生良好的计算思维能力，提高学生的计算机应用水平和计算机问题求解能力。
面向对象程序设计（C++）,"黄震春,徐明星",清华大学,51817,以C++语言为基础，从设计层面介绍程序设计的重要设计思想和经典设计模式，如面向对象程序设计、基于接口编程、泛型编程等，还将介绍对标准模板库STL。 
C语言程序设计,"丁海燕,武浩",云南大学,26914,程序设计是信息类和其他理工科一门重要的基础性课程。《C语言程序设计》面向低年级学生，内容包括：C语言概述、数据类型、运算符、表达式、结构化程序设计的三种基本结构、数组、函数、指针、结构体等。通过课程内容的讲解和编程训练，使学生具备用C语言开发应用软件的基本能力，为今后的软件开发工作奠定坚实的基础
互联网大规模数据分析技术,"李琳,张蕊",武汉理工大学,26348,如今我们处于大数据的时代，互联网大规模数据分析这门课程带大家进入分析和处理大数据的世界。海纳百川，有容乃大，让我们以开放的心态，创新的勇气拥抱大数据。
智能车制作：电子技术,任艳频,清华大学,20295,结合实例，介绍电子系统中硬件电路的设计和制作方法
小白学人工智能,李粤,华南理工大学,20211,不可避免的人工智能时代，具备一定的人工智能思维有利于增强自己的社会竞争力。本课程无需任何基础，适合所有初中学历以上的小白。本课程里，为小白们提供直观方法来学习人脸识别后面的卷积神经网络，AlphaGo后面的蒙特卡洛树搜索，无人驾驶车后面的强化学习等。小白们一起加油ヾ(◍°∇°◍)ﾉﾞ
大数据系统基础,"王建民,徐葳,陈康,陈文光",清华大学,78896,大数据是一门交叉学科。本门课程重点介绍大数据管理的工具平台、开发环境、基本原理。
Office办公软件应用,"史巧硕,朱怀忠,刘洪普,李娟",河北工业大学,75094,Microsoft Office是微软公司开发的一套应用较为广泛的办公软件套装，是日常工作和生活中信息处理的重要工具。本课程主要介绍Microsoft Office中的文字处理软件Word、电子表格处理软件Excel、演示文稿处理软件PowerPoint三个常用组件的基本操作方法。
操作系统,"向勇,陈渝",清华大学,218908,操作系统课讲解操作系统中如何管理和协调应用程序对计算机系统中软硬件资源的使用。
Java程序设计,郑莉,清华大学,213232,【国家精品课】课程介绍Java的基础语法和面向对象的程序设计方法和GUI程序开发方法。
Web开发技术,"王成良,陈静,徐玲,杨正益,蔡斌",重庆大学,39558,在学习Web开发基本概念、Web开发环境搭建和Web开发工具的使用基础上，通过学习Web前后端开发技术，引导你构建整个Web开发的知识体系，循序渐进地将你领进Web开发的大门，使你掌握开发一个完整的Web应用系统的基本原则、方法和步骤，提高应用Web技术进行软件开发的能力。
ARM微控制器与嵌入式系统,"曾鸣,薛涛,龚光华",清华大学,39448,国家精品在线开放课程。 本课程基于清华大学本科生课程“数字电路与嵌入式系统”，同时是“全国大学生智能车竞赛”微控制器培训课程。 本课程讲授ARM嵌入式系统，鼓励动手实践和自由创新，适合想参与科技活动的本科生和爱好者。
计算机应用基础,"宋承继,王坤,李龙龙,李莹,陈小健,白雨鑫,毛小乐,梁菲菲,党佳奇",陕西工业职业技术学院,62523,        《计算机应用基础》课程将以计算机应用技能培养为导向，以计算机原理、概念为基础，以新技术新方法为牵引，以信息化办公和计算机维护为突破口，以创新思维能力培养为目标，和学习者一起了解计算机的发展史及软硬件结构，掌握计算机操作系统及各种办公软件的使用技巧，熟悉计算机网络基础知识、Internet技术和计算机安全维护等相关知识，为学习者职业生涯发展、终身学习和社会服务奠定基础。
汇编语言程序设计,"张悠慧,翟季冬",清华大学,60113,不仅仅是一门编程语言，汇编语言更是计算机系统软硬件的分界与桥梁，是理解整个计算机系统的有效起点，为学习后续的计算机系统课程打下基础。
大学计算机基础,卫春芳,湖北大学,59129,“大学计算机基础”分为两大部分，一部分是计算机理论教学，另一部分是计算机的应用能力的培养。
网络安全概述,纪平,学堂在线,32458,本课程主要在六个方面进行介绍：计算机网络基础知识－简短回顾；网络安全研究的是什么问题；编码解码学；网络安全协议；无线网络安全；防火墙及攻防系统。 
大数据治理与政策,"孟庆国,张楠,郑磊",清华大学,32139,通过对本课程的学习，让学生从治理和政策的角度，对大数据在公共管理领域中的应用及其应用中可能引发的问题有更深入认识和系统的理解。
计算几何,邓俊辉,清华大学,47962,体味几何之趣，领悟算法之美
R语言数据分析,艾新波,北京邮电大学,45128,数据赋人工系统以智能。《R语言数据分析》从问道、执具、博术三个方面，阐述机器学习/数据挖掘的方法论（道）、编程工具R语言（具）以及经典算法模型（术）。通过课程的学习，可一起领悟数据分析之哲理、掌握模型算法之要义、提升工程实践之素养，推开人工智能的大门，为同学们在机器学习/数据挖掘领域登堂入室奠定基础
C君带你玩编程,"方娇莉,潘晟旻,普运伟,耿植林,郭玲,田春瑾,刘领兵,黎志,杜文方,郑明雄",昆明理工大学,26239,C君牵你的手，采撷精彩代码，谱写人类独有的智慧之诗。我们将亲手为冰冷的机器注入灵魂、打开CPU的世界、探索1和0构建的神奇二次元。结合专业知识、驱动硬件、兼顾NCRE证书的获取……快来快来，和C君一起玩编程吧！
数据库系统（上）：模型与语言,战德臣,哈尔滨工业大学,25155,《数据库系统》不仅是计算机、软件工程等专业的核心课程，而且也是非计算机专业学生必修的信息技术课程。当前互联网+与大数据，一切都建立在数据库之上，以数据说话，首先需要聚集数据、需要分析和管理数据。数据库技术已成为各种计算系统的核心技术，数据库相关知识也已成为每个人必须掌握的知识。  ​
学做小程序——实战篇：树洞小程序,"刘强,施建锋,伊甸,小程序慕课讲师",清华大学,24083,本课程是由清华大学软件学院和乐享其约共同制作的微信小程序学习教程，由“乐享其约”资深项目经理、产品经理、前端和后端工程师主讲，微信团队担任技术顾问。通过“需求分析”、“原型设计”、“小程序前端实现”、“后台接口开发”、“小程序对接接口”一步步教同学们如何“从无到有”完成一个小程序项目的开发。
计算机操作系统,"骆斌,葛季栋",南京大学,23857,《计算机操作系统》课程的教学内容：计算机操作系统概述、处理器管理、存储管理、设备管理、文件管理、并发程序设计。学习者能够认知操作系统的基本概念与实现原理，并深入理解操作系统的设计方法与实现技术。
小波与科学,"冉启文,严质彬,肖宇,张海莹,杨占文,李莉",哈尔滨工业大学,20109,小波是最近三十年才迅速发展并日趋完善的崭新科学思想和研究方法，适合哲学、自然科学、工程科学、信息科学、视觉科学、生命科学和医学、经济学和管理学等学科领域学生和研究人员学习参考。
计算机文化基础,杨居义,绵阳职业技术学院,19029,“互联网+”时代，每天都会利用计算机来查找、处理数据和利用Office软件处理日常生活工作中碰到的事物，你想学习一门技能吗？本课程为你轻松解决学习计算机知识和技能。今天学的对你毕业后迅速适应岗位需要具有重要作用。
Python与数据思维基础,"葛雷,文雪巍,金巨波,梁妍,徐秀丽",黑龙江财经学院,19021,       本课程是非计算机专业学生学习程序设计和数据分析的入门课程。学生零编程经验即可学会当前最实用、好用的程序设计语言Python基础知识，并在数据分析及可视化方向学以致用，为后续学生面向本专业进行数据的采集、预处理、分析、统计、可视化呈现等操作处理等奠定知识、思维和技术基础。本课程注重训练学生计算思维和数据思维，重点从数据思维的角度，为非计算机专业学生从事本专业相关数据分析工作奠定基础。另外，本门课程，对报考全国计算机等级考试——二级Python的考生能够提供有力的帮助。
算法设计与分析,王振波,清华大学,73180,信息时代，算法为王，和我一起进入算法的世界。
VC++面向对象与可视化程序设计（上）：Windows编程基础,黄维通,清华大学,71678,Visual C++程序设计基础包含两个部分，一部分是基于Windows的编程，另一部分是基于MFC的编程，本课程“上”的部分主要介绍Windows编程技术基础。
大数据平台核心技术,"武永卫,姚文辉,陶阳宇,冯骁,谢德军",清华大学,69718,讲授分布式系统构架、分布式编程、分布式流处理、分布式数据存储管理、内存计算支持等内容，突出技术深度和实战性。
网络技术与应用,"沈鑫剡,俞海英,李兴德,许继恒",中国人民解放军陆军工程大学,199241,为了有效利用网络，就应该掌握网络的基本知识和使用网络的基本技能，也需要我们具备防御网络攻击的能力。如果你想跟上网络时代的步伐，或者正在准备全国计算机等级考试三级，或者Cisco CCNA认证考试，就请走进我们的MOOC吧。
C++语言程序设计进阶,"郑莉,李超,徐明星",清华大学,135106,C++是从C语言发展演变而来的一种面向对象的程序设计语言，本课程是一门面向广大初学者的入门课程。
C程序设计案例教程（基础）,张莉,中国农业大学,117460,    C语言曾开发出UNIX操作系统等经典系统。随着物联网、人工智能、大数据、云计算等新技术不断发展，也广泛用于开发各种应用程序，且易于使用，还具有硬件底层执行能力，因此能够持久丰富与发展，在TIOBE世界排行榜中始终位于前列。
计算机组成原理,纪禄平,电子科技大学,14482,计算机组成原理哪家强？ 毫无疑问来“学堂”。 本课程是计算机相关学科的核心基础课，重点讲授计算机硬件系统的组成结构、工作原理和设计方法，遵照教学大纲，并兼顾硕士入学考试。课程注重培养学习者的计算机硬件系统分析和设计能力，给您插上翅膀，让您的学习和考试如虎添翼。 2018国家精品在线开放课程。 2019线上线下混合式国家级一流本科课程。
计算机网络基础与应用,马立丽,哈尔滨科学技术职业学院,13955,当今世界，网络信息技术日新月异，全面融入社会生产生活，并产生了深远的影响。本课程围绕计算机网络的结构和应用，以网络的发展、原理、建设为主线，结合实例对计算机网络的基础知识、硬件设备以及小型局域网的建设进行详细讲解，并通过生动活泼的动画分析网络服务的原理与实现、互联网的接入、网络的安全与管理等内容。
数据库系统原理与开发,"陆鑫,张凤荔,陈安龙",电子科技大学,13887,数据库系统是信息技术重要的支撑基础，掌握数据库系统原理与应用开发技术是打开通向各类信息系统、互联网信息服务、大数据技术应用之门的钥匙。通过本课程学习，学习者可熟练掌握数据库技术方法，培养数据库应用系统开发能力，为从事IT职业开创自己广阔的一片天地。
Linux 内核分析与应用,"陈莉君,谢宝友,张天飞,王小银,刘霞林,张丽丽",西安邮电大学,39229,在庞大的Linux内核源代码学习中，如何抓住主要线索和思路，如何让所学能够切实地应用起来，本课程主讲以自己20年来对Linux内核的研究和教学为基础，对所讲内容进行有效的归纳，以机制与策略分离为指导思想，对Linux内核的设计思想和数据结构进行分析，让大家在每一章学习后，通过编写Linux内核模块并分析源代码，引领大家进入Linux内核的大门。同时邀请内核专家谢宝友老师和一线工程师张天飞，分享多年企业一线的内核实战经验，让你在动手实践的同时，能够一以贯之，从理论到实践，从实践到理论，打通知识之间的脉络，掌握系统级软件设计的思路和方法。欢迎大家学习开源世界的顶级作品-Linux内核。
区块链和加密数字货币,罗玫,清华大学,38381,抓住数字经济时代机遇，学习区块链和数字货币的精髓。本门课程从简单通俗的语言、商业的逻辑、国际化的高度带你走进区块链和数字货币的世界。更多学习内容，独家直播-&gt;认证升级版https://www.xuetangx.com/training/thu1202100273103/1133077
程序设计基础（下）,"赵宏,李妍,闫晓玉,王恺,李敏",南开大学,37441,“程序设计基础“是一门面向计算机相关专业以及新工科各专业学生开设的专业基础课程，也是理工科各专业的公共必修课程。本课程包括：程序设计基础（上）和程序设计基础（下）两部分。
计算机通信网络,"卢选民,闫中江,赵宏伟",西北工业大学,18995,通信是人类亘古不变的追求，在移动互联和互联网+的时代，无论是云计算、大数据、全球卫星定位、智能家居、智慧城市还是4G/5G移动蜂窝网、物联网（IoT）、传感器网络、空天地海一体化网络、无人驾驶、人工智能（AI）等，都是以通信网络为基础。通信网络技术已经深刻地改变了人们的工作、学习、生活、娱乐等方式。 对于无论是想了解通信与互联网相关知识但没有太多专业基础的人员，还是作为有志于投身通信与互联网行业的研发人员、创业者，学习《计算机通信网络》这门课程都是十分必要的。同时，它也是高等学校电子与通信工程专业硕士研究生必修的一门核心专业课程。
软件设计模式,朱洪军,中国科学技术大学,18585,设计模式是软件架构和代码设计的重要技术，由资深工程师根据从业经验和代码案例进行总结得出，经过了超过20年的行业实践和验证，并得到全世界软件架构师、设计师、代码开发人员等的认可。课程将跟大家一起探讨简单工厂模式、GRASP模式、GoF模式等内容，向大家呈现不同模式的应用及案例。
编译技术,"王曙燕,初建玮,王春梅,陈燕,黄茹,曾艳",西安邮电大学,18506,编译技术是计算机科学与技术专业研究生重要软件理论课程，培养学生解决问题的思路和抽象思维的方法。通过本课程的学习使学生对高级语言程序的编译过程及其原理有较全面的了解，从理论和实践上掌握高级语言程序翻译的基本原理，具有系统软件翻译开发的能力，为进行其它软件设计打下良好的基础。
学做小程序——基础篇,"刘强,小程序慕课讲师",清华大学,57109,《学做小程序》为中国高校微信应用教育联盟推出的小程序开发系列课程，由资深前端工程师主讲，微信团队担任技术顾问。
基于Linux的C++,乔林,清华大学,56122,本课程旨在建立Linux环境下进行C++程序开发和系统编程时的正确思维和方法，构筑计算思维与实践能力之间的桥梁。
微软亚洲研究院大数据系列讲座,"洪小文,宋睿华,谢幸,郑宇,张洪宇",Microsoft,54241,“这门课程涵盖了互联网搜索、城市计算、社会计算、软件分析、可视化等大数据研究中的热门和前沿领域，课程设计兼具前所未有的广度和深度，我真诚地推荐所有对大数据研究感兴趣的同学去学习这门课程。
计算机程序设计基础,乔林,清华大学,11921,人工智能时代，信息计算方兴未艾，逃不掉，躲不开。元来未来已来，计算思维安在？理解程序结构，洞察计算本质，加入未来派。为君赋能，始于此哉！
大学计算机基础与应用,"李丽芬,邵芬红,韩海花,陈晓芳",燕京理工学院,11797,大学计算机基础与应用课程作为非计算机专业的第一门计算机基础课程，以“计算机应用能力培养”为出发点，以通俗易懂的语言，将课程内容模块化，通过生动有趣的视频，将计算机的基础知识和基本使用技能精致简捷地提供给学习者。
大数据可视化,"陈为,巫英才",浙江大学,11731,人类处理数据的能力已远远落后于获取数据的能力。提高数据处理效率的关键途径是通过有效的可视方法，将人的智能和个性化经验融入到机器智能分析和推理决策过程中。信息可视化正是通过对数据进行交互的可视表达以增强认知和传递信息的一门学科，已经被广泛应用于各个领域和学科。
Android应用开发基础,"赖红,李钦,李华忠",深圳信息职业技术学院,31401,你是否渴望进入移动互联网开发行业，看到一本本安卓书籍却无从下手！你是否憧憬能够快速开发App，却因案例实践不够，无法入门？现在，就让我们与有着丰富企业开发经验的赖红老师一起，通过案例依次学习Android基本语法和常见组件，通过实例学习Android四大组件和网络框架，最终快速学习如何制作App；
物联网工程导论,"普园媛,何乐生,余鹏飞,杨艳华,艾昌文,尉洪,常俊,周永录,刘宏杰",云南大学,31059,本课程是面向大学一年级物联网工程专业学生开设的物联网导论课程，主要介绍物联网技术的基本概念、关键技术、应用领域及发展现状，帮助大学一年级学生了解物联网工程专业知识与课程体系，尽早确立专业方向，树立创新意识和工程意识。 
大学计算机,"李凤霞,陈宇峰,赵三元",北京理工大学,30088,大学计算机课程将以计算思维为导向，以计算机原理、概念为基础，以新技术新方法为牵引，以创新思维能力培养为目标，和学习者一起了解计算机科学，学习计算技术，掌握思维方法。
Python程序设计基础,许志良,深圳信息职业技术学院,44726,"本课程以任务驱动的方式引导学生完成""十点半游戏”和“2048游戏”开发，融入Python语言的基础知识，掌握面向对象的程序设计技术，掌握Python基本语法、函数、面向对象、图形图像、数据库编程等方面的知识与技能，为从事Python应用程序开发打下基础。"
大数据机器学习,袁春,清华大学,42247,《大数据机器学习》课程是面向信息学科的高年级本科生或研究生开设的基础理论课，目的是培养学生深入理解大数据机器学习理论基础，牢固掌握大数据机器学习方法，并能够解决实际问题等综合能力。课程的主要内容包括：统计学习基本理论，机器学习基本方法，深度学习理论和方法。
数据库技术与程序设计,"高裴裴,康介恢,路明晓,程茜",南开大学,41800,没有哪种工具能像数据库那样，在几乎所有计算机领域中都有涉及。无论身处校园还是人在职场，数据管理都是必备能力。无论是专业人士的职场需要，还是在校学生的自主学习，或者想考一个国家计算机等级考试，本课程都不会让你失望！让我们用知识点拼图，逐步解锁数据库系统设计新技能吧！
程序设计基础（上）,"赵宏,闫晓玉,李妍,王恺,李敏",南开大学,41222,《程序设计基础》课程是计算机及相关专业、以及新工科各专业大一学生的基础必修课程，也是大学其他理工科各专业的公共计算机基础课程。
微机原理与接口技术,吴宁,西安交通大学,23703,本课程面向有志于从事计算机控制系统设计、或对计算机硬件结构感兴趣的学习者。总体目标是：具备输入/输出接口控制系统软硬件初步设计能力。课程以“家庭安全防盗系统”案例引导，主要介绍：计算机基础知识、微型机基本工作原理、80x86基本指令集、汇编程序设计、存储器接口设计、I/O接口控制技术等。
程序设计基础,"吴劲,傅翀,吴佳,罗绪成,王瑞锦,张翔,张学,程红蓉,白忠建,陈伟,江春华",电子科技大学,22277,针对零基础的学生，采用螺旋式上升的教学方法，由浅入深，把学生引入程序设计的大门。以C语言为载体，从最简单的输入输出入手，逐渐增加细节和难度，符合初学者的认知规律，鼓励做中学，鼓励上机实践。 
智能车制作：嵌入式系统,曾鸣,清华大学,21891,本课程为“全国大学生智能车竞赛”秘书处组织的“智能车制作”系列微课之一。 本微课程帮助学生快速入门ARM嵌入式系统，适合想参与竞赛的本科生和爱好者。本微课程是学堂在线MOOC课程“ARM微控制器与嵌入式系统”的精选版本。
信息隐藏技术,李朝晖,南开大学,19020,    信息隐藏技术 这门课是信息安全专业的一门专业基础课程，课程目标是使学生对信息隐藏技术的基本问题和基本观点有比较全面的认识，初步掌握信息隐藏技术的基本概念、基本思想和基本分析方法，为进一步学习其它专业课程和进行专业研究打下坚实的基础。      信息隐藏技术课程主要包括信息隐藏和数字水印这两部分的内容。隐写术与数字水印是信息隐藏的两个主要分支，隐写术侧重于安全性和保密性，而数字水印更侧重于健壮性。前者用于保密通信，后者用于数字作品的版权保护。   本课程将全面介绍信息隐藏与数字水印的起源、发展和应用，包括：信息隐藏和数字水印的发展历史以及应用现状、人类听觉系统和视觉系统的特点以及常用信号处理基础、信息隐藏的原理、信息隐藏的基本算法、信息隐藏的攻击、数字水印的原理、数字水印算法和对数字水印的攻击。 欢迎大家学习《信息隐藏技术》这门课程。
C程序设计案例教程（进阶）,张莉,中国农业大学,112999,      C语言随新技术发展经久不衰持续发展，是现代信息技术开发应用的重要组成部分。系统学习掌握C程序设计，熟练掌握核心要点和知识体系，是掌握现代编程的重要基础。本课成作为进阶篇，是C程序设计的精华所在，通过各种实用案例分析，来解析相关知识要点难点，系统理解掌握相关知识要点和算法实现技术方法。
大数据技术与应用,李军,清华大学,104733,结合应用实例融会贯通大数据中的理论方法和系统知识（平台、模块、工具），体会运用大数据技术解决实际问题的思路和效果。
嵌入式系统设计,杨峰,电子科技大学,13791,了解嵌入式系统基本概念，掌握嵌入式处理器、嵌入式操作系统、嵌入式软件开发平台、嵌入式Linux驱动开发以及相关实验等内容。学习后具备按照给定的要求设计嵌入式系统的能力。
网络、群体与市场,石兵,武汉理工大学,13368,现代社会存在着形形色色的网络，如万维网、社交网、交通网等。弹指一挥间，世界皆互联。让我们深入其中，探究高度互联世界的行为原理与效应机制。
微软--计算机视觉论文分享课,,,13277,微软邀请21位来自国内外计算机视觉领域学术界、工业界的优秀代表们分享了各自在CVPR 2017发表的最新研究和技术观点。
机器学习概论,张敏,清华大学,13161,机器学习是各类人工智能实际应用中不可缺少的基础，本课程面向对机器学习感兴趣的同学，系统地讲解机器学习的基本概念和思想、代表性算法、实验设计和分析方法，培养同学算法设计、问题分析和实际应用能力。
Java程序设计基础,"赖红,李钦,覃国蓉,魏勇",深圳信息职业技术学院,15999,Java不仅是一门程序设计语言，而且是就业市场上最热门的编程语言。Java被广泛应用到于金融、电信、医疗等大型企业，成为名副其实的企业级应用平台霸主。本课程讲授Java技术基础部分，基于案例进行讲解，每个案例使用了内存结构图讲解程序的运行流程，通俗易懂，容易理解。
Python语言程序设计,"杨洁,曲著伟,李在伟,周家地,卢永江,应芳琴,廖一星,刘毅,张铭",浙江财经大学东方学院,15973,"你想学习目前最为流行的编程语言Python语言吗？你想学习爬虫和语音智能聊天吗？通过课程的学习，你可以全面学习python的基本语法知识，并通过作业训练，获得基本编程能力，分析问题和解决问题的能力。如果想进一步提升技能，可以在达内讲师的指导下,利用爬虫爬取网站相关信息，百度云人工智能实现语音智能聊天"
可视化程序设计,陈志勇,辽东学院,15961,在互联网+高速发展的今天，可视化程序设计开启您程序设计之旅，迈出程序应用的第一步，为您的程序学习之路点亮希望之光。
大学计算机基础,"李敏,高裴裴,郭蕴,赵宏,刘哲理,路明晓,李妍,闫晓玉,宋丽培",南开大学,36830,人工智能、物联网、云计算、大数据、区块链标志着智能新时代的到来！作为当代大学生，不仅需要掌握计算机的基本应用和基础理论知识，更重要的是要具备利用计算机分析和解决学习和工作中实际问题的能力！探索基于计算思维的问题求解之路，从这门课开始！
C语言程序设计（上）,"李凤霞,薛静锋,陈宇峰,赵三元",北京理工大学,33573, Kenneeth Lane Thompson为了方便玩自己的游戏程序，用汇编写了UNIX操作系统，又为了更方便的写这个UNIX创造了C。创造在游戏中产生，业绩在创造中成就！从此，C便一发不可收拾，独领风骚！当计算遇上了困惑，当编程选择了C，当面向问题的计算机程序设计加入了优秀团队，就是这门课程！
数据结构与算法设计,"张小艳,史晓楠,李占利,丁雪芳,冀汶莉,王昱哲,齐爱玲,杨晓强",西安科技大学,33451,该课程旨在将复杂的知识点简单化处理，运用通俗易懂的实例，采取文字、图片动态展现数据结构与算法执行过程，向学习者介绍基础的数据组织、算法设计、时间和空间效率的概念和通用分析方法。
高级大数据系统,王智,清华大学,33088,本课程不仅提供可扩展大数据分布式系统的一般设计原则，还提供了对当今行业中使用的真实系统的大数据处理流程的见解的案例研究。
软件测试,"郑炜,黄松,倪爱军,刘中,于婷婷,吴潇雪",西北工业大学,18385,《软件测试》以软件测试技术和管理为主要研究对象，介绍了软件测试的相关技术和策略。本课程为软件测试技术的学习者提供前沿测试技术介绍，其内容结构简明合理、层次清晰、由浅入深，注重将软件测试理论知识、技术与工程实践紧密结合，同时重点突出一个“新”字，新兴市场的创新技术！
SQL SERVER数据库技术,"刘引涛,戚娜,李俊,任婕",陕西工业职业技术学院,17703,通过该课程学习，学习者能了解数据库的相关概念，具有在SQL SERVER上创建、管理数据库及其对象，并对SQL SERVER数据库进行日常管理与维护的能力；基本了解基于SQL SERVER数据库应用系统开发技术。
数据结构（Data Structures）,"吕建明,张见威,肖南峰",华南理工大学,17629,在这门课程中，你将学习到数据的基本的存储和计算的方法，掌握线性表、栈、队列、树、图等基本的数据结构以及相关的基本算法。
移动互联网开发,朱轶,江苏大学,17120,对于移动互联网时代，不了解移动开发技术，你可就OUT啦。
大数据导论,"闫中敏,崔立真,鹿旭东",山东大学,12906,本课程面向理工科本科学生，着重介绍大数据采集、存储、访问和分析的趋势、问题、解决方案。
程序设计语言（C语言）,李岚,湖北职业技术学院,12637,  成就源于游戏、基于创新、成于实干！大咖为方便自己玩游戏，创造了C语言。从此它野蛮生长，独领风骚！知道吗？人们天天玩的安卓、游戏经典CS、中国骄傲华为“鸿蒙”都是用C语言编写的。人类失去C，世界将怎样？我若学会C，人生将怎样？我热血，我想学……来吧，加入我们的课程，轻轻松松学习C，从此人生不一样！
Linux操作系统分析,孟宁,中国科学技术大学,12609,这门课可以带您用理论结合实践的方法一步一步抓住Linux内核最核心的部分代码，理解Linux操作系统运行的基本过程及涉及的核心机制。
数据库系统（下）：管理与技术,战德臣,哈尔滨工业大学,12397,数据库管理系统(DBMS)是数据库系统的核心，本课程探讨DBMS本身的实现技术，即算法和系统性能相关的内容。学好本课程对今后从事大数据系统开发、数据库管理系统开发和系统软件开发有重要帮助。 ​
计算机网络,"袁华,杜广龙,张凌",华南理工大学,53107,本课程是计算机类专业的基础课程，是研究生入学考试中的计综科目之一。本课程围绕参考模型，探讨信息从源到目的，穿越中间交换设备所遇到的问题和解决办法；涉及到基本原理和重要协议。
计算机程序设计,"周会平,徐建军,李姗姗,尹良泽,刘万伟",国防科技大学,11558,本课程基于C++语言讲授结构化程序设计。一个程序语言的语法一般不多，程序设计初学者往往发现虽然记住了很多语法，但写不大程序，也写不对程序，本课程侧重编程能力的同时，专注从问题到计算过程的转换，使编程不再困难。 本课程平行开设了课程实训：https://www.educoder.net/paths/3  课程的讨论在C&C++学习空间：https://learnerhub.net/#/spaces/478  
软件工程与软件自动化,"高玉金,王一拙",北京理工大学,11419,我们不培养你的单项开发技能，而是教你如何成为优秀开发团队中的一员。
5G与人工智能,"胡白燕,王润,张芬芬",湖北师范大学,11390,全新、直观、透彻的讲述5G与AI的科技背景和知识，是一门面向文、理、工科专业的科技类通知课，通俗易懂，为听课者打下学习基础，引导其进行深入思考，让有志从事该方向工作的学习者做到胸有国家、眼含智慧、脑中启明。
移动快速应用开发,"唐贤传,盛鸿宇,王婷婷,汤恒,胡万福",芜湖职业技术学院,29807,App Inventor是一门无需代码编写，通过积木式搭建的安卓开发工具。通过它，可以把你的创意快速实现，把你的想法变成现实。来吧，让我们一起感受编程的乐趣！
人工智能,罗会兰,江西理工大学,28934,人类社会已从信息化时代迈向智能化时代，人工智能技术已经渗透到生产和生活的方方面面。通过本课程的学习，学生将理解人工智能到底指的是什么，人工智能涉及的技术有哪些。学生从本课程可以学习到智能的含义、实现要素以及基本算法，为将来在智能领域的进一步学习和研究找到方向和奠定基础。
大学物理,"侯岩雪,张素红,赵原源,李子敬,王晓颖,王明利,韩振丽,丁喜峰",燕山大学,28406,《大学物理》在高等院校的教学计划中是一门重要的基础理论课程，是培养学生具备基本科学素质的重要课程之一。该课程所论及的科学思想和方法，在自然科学、工程技术、经济与社会科学等领域中具有广泛的应用和强劲的活力，也是培养二十一世纪具有创新意识和创造性人才所必须的基本素质。
科学计算与MATLAB语言,"刘卫国,蔡旭晖,吕格莉,何小贤",中南大学,27954,当前，科学计算已经成为科学研究、技术创新的重要方法与手段，MATLAB为众多领域的科学计算问题提供了全面的解决方案，被誉为巨人肩膀上的工具。通过本课程的学习，我们将能站在巨人的肩膀上领略各种计算之美。
计算机病毒分析（慕课）,王志,南开大学,21541,计算机病毒分析课程是信息安全专业的一门基础课程。通过课程学习，学生将深入了解操作系统的内部工作机制，进行计算机病毒的逆向分析，剖析病毒的内部逻辑和恶意行为，为进一步从事信息安全相关的工作打下坚实基础。
数据库系统（中）：建模与设计,战德臣,哈尔滨工业大学,13103,数据库设计的正确性对大型软件系统开发是至关重要的，数据建模是计算机学科和软件工程学科必备的一种能力，学好本课程对于减少软件开发的失误有很大帮助。
计算机绘图与CAD,张鹏,大连工业大学,12936,知识模块顺序及对应的学时分配：1、二维绘制工程图样   8学时；2、三维实体建模技术   4学时 ；3、仿真分析辅助设计   4学时；4、产品发布数据处理   8学时
北大AI公开课,雷鸣,北京大学,12931,去年的AI公开课广受师生好评，随着新学期的到来，新的一轮AI公开课隆重地拉开了序幕。本期公开课是由学堂在线联合百度创始七剑客之一、北大人工智能创新中心主任雷鸣老师和北京大学信科学院共同推出，邀请了AI行业一线的专家学者、互联网公司的技术负责人，为同学们献上一顿关于人工智能发展趋势的饕餮盛宴。
Linux系统管理,颜晨阳,宁波城市职业技术学院,15873,本课程将对Linux系统日常管理所涉及的概念、命令和方法进行讲解和讨论。让我们一起来开启一场Linux的探索之旅吧，learn and have fun！
C语言程序设计（下）,"李凤霞,薛静锋,陈宇峰,薛庆,赵三元",北京理工大学,15689,C 语言具备面向过程程序设计的基本要求，在诸多领域无可替代。我们将《C语言程序设计》分为《C语言程序设计（上）》和《C语言程序设计（下）》两部分，以数组为分割点，分而治之，由浅入深，坚固基础，追求完备。
Python大数据分析,"崔立真,鹿旭东,潘鹏",山东大学,15498,Python是软件工程，计算机专业学生进行数据分析所需要掌握的基础性语言。本课程以对python相关数据分析工具包的讲解为主，并提供丰富实例，培养学生语言数据分析理解和应用实践能力。
Petri网：模型、理论与应用,"袁崇义,闻立杰,王建民",清华大学,15217,Petri网属于离散事件动态系统，是1960年代由卡尔·亚当·佩特里发明的，适合于描述异步的、并发的计算机系统模型。Petri网既有直观的图形表示，又有严格的数学定义；既是系统模型，又是理论体系。作为理论指导下的异步并发模型，已成功应用于系统控制、流程管理、自动化等领域。
设计思维,"刘静伟,孟浏今,厉谦,吴龙,薛媛",西安工程大学,10083,这是一个快速变化的时代，凡是改变即面临着设计。本课程设定生活中的场景，采用跨界、跨时空的方式与方法，引发几千年来变与不变的思考，探索思考过程中所得到的影响因素，从而确定人造物的本质及其变化规律：什么变了？什么没变？变得越来越怎样？由此出发开始你的设计方向。这是依据文化的方式与方法而开展设计活动，期待你的创新与创意。
信息隐藏技术,任帅,长安大学,9932,加密信息容易引起攻击者的注意并遭遇破译或破坏，而本课程讲授信息隐藏技术，以传输的存在性和信息的隐蔽性为信息安全传输提供了可靠的安全通信技术手段。
高级数据库系统,杜金莲,北京工业大学,17029,信息管理与处理技术是计算机领域的永恒话题，《高级数据库系统》课程涉及到数据管理的底层关键技术，是开发数据管理系统的基础，是研究其它高级数据管理技术的阶梯。
漏洞利用及渗透测试基础,"刘哲理,张健,李敏,李兴娟,乜鹏",南开大学,16342,本课程作为南开大学信息安全专业的必修课，融合信息安全基础、软件安全、WEB安全、黑客攻防等内容于一体，配合大量丰富的入手级案例，可以激发信息安全专业学生的兴趣，是全面、基础的入门级教程。对于非信息安全专业的学生，如果仅仅是想知道互联网为什么不安全、黑客是怎么炼成的，也非常推荐来学一学。
信息安全技术,"孙建国,赵国冬,兰海燕",哈尔滨工程大学,16095,信息安全技术概述、密码技术、标识与认证技术、授权与访问控制技术、信息隐藏技术、网络系统攻击技术/网络与系统安全防护与应急响应技术、安全审计与责任认定技术、主机系统安全技术、恶意代码检测与防范技术、内容安全技术、信息安全评测技术、信息安全管理技术。
微电子工艺,"田丽,王蔚",哈尔滨工业大学,7935,微电子工艺是一门介绍半导体集成电路制造技术的课程，重点阐述芯片制造基本单项工艺的原理、方法和应用。介绍金属互连、典型工艺集成、关键工艺设备，以及微电子工艺未来发展趋势。是电子信息类专业的核心课程。
网络技术与应用实验,"俞海英,沈鑫剡,李兴德,许继恒,李杰,张石磊,谢青",中国人民解放军陆军工程大学,7794,这是一门系统讲解运用Cisco网络设备完成各种类型、规模网络系统设计、配置和调试过程的课程。课程用实际问题的解决方案作为案例，阐述与解决方案相关的网络原理和技术，培养学习者运用现代网络技术和Cisco网络设备解决实际问题的能力。
虚拟现实技术及应用,"黄心渊,杨刚,孙国玉,李晓波,陈京炜",中国传媒大学,7740,该课程通过对VR知识体系的精心组织，即兼顾了VR技术的前沿性，又保证了VR知识点的系统性；即有原理知识的讲述，又与实际应用紧密结合。该课程将为学生构建较为完整的VR知识体系结构；使之掌握虚拟现实技术的理论内涵与应用外延。
软件工程,张爽,东北大学,12310,本课程为国家级精品在线开放课程。 在这个信息时代，软件已经成为我们生活、生产和学习中重要的、不可或缺的一部分了，就像同学们现在在线观看和学习我们这门课程的慕课。软件也要经历一个从开发、到使用和维护的过程。那么，如何才能如期地、预算范围内地、交付用户基本满意的软件系统呢，这就是软件工程要解决的问题。
Python爬虫入门实战,饶淙元,清华大学,34968,近年爬虫逐渐进入大家的视野之中，良莠不齐的广告或许让大家难辨好坏，甚至一不小心就成了“韭菜”。本次直播将简略讲解爬虫的原理、用途与风险，并用Python现场编写一个获取每日疫情报告的卫健委爬虫，为你揭开爬虫的神秘面纱。
高级操作系统,陈渝,清华大学,12227,本课程主要面向计算机专业的研究生，采用课堂讨论、逐步启发和深入分析的方法，通过讲解和分析操作系统相关研究领域的经典和前沿论文和研究成果，激发学生对操作系统研究的兴趣，推动并提供高学生独立思考能力以及发现并解决系统类问题的科研能力。
多媒体技术,"李晶,涂卫平,常军,陈江汉,韩镇",武汉大学,7149,主要讲授多媒体编码理论：语音处理及编码标准，音频、视频编解码技术及标准；流媒体技术；多媒体通信技术；超媒体技术；多媒体应用及案例。
万物互联,杜秀娟,青海师范大学,6834,当感知设备与人、地点、周遭事物更加智能地连接，当生活让移动设备一手掌控，现实与数字化世界无缝联接的时候，人类便开启了万物互联的新时代。洪荒已降，奇点临近，我们的课程将带你进入万物互联的高能时代。课程以时间为线索梳理万物互联的发展历程，讲述万物互联的前世今生。
素描与体验——原理与形式研究,"张元稼,刘沛,杨伟孝,董文通,胡涛,李恺",西安美术学院,6762,        课程从“迪赛诺”的基本概念出发以总体观的方式设计教学，深化学生对素描本质的理解，拓展学生对素描与生活、素描与绘画关系的认识，使学生从整体上了解素描的各个实践环节，为以后的学习打好基础。
EXCEL高级应用,"王瑾瑜,索丽霞,陈一,吴淑清,王晓静",呼和浩特职业学院,11192,《EXCEL高级应用》作为一门公共选修课，主要结合实际教学情境，通过完成项目任务，使学习者熟练掌握Excel2010常用函数及数据处理操作技巧，培养学生应用Excel 2010处理实际问题的技能，为其日后解决实际工作中的相关问题打好基础。
计算机网络 Computer Networks,王昊翔,华南理工大学,11134,屏幕上的一个点击，便可将微信消息发给世界的另一端。打开浏览器，便可以查阅到世界各地的无穷信息。发一封电子邮件，可以轻易将文字、图片、视频发送给远方的朋友。网络将生活变得更加轻松快捷。这一切的神奇究竟是如何实现。本课程将为你揭示计算机网络背后的奥秘。
This is AI,IBM Research,学堂在线,10645,不论你是否欢迎——人工智能已经来了！你真的知道什么是人工智能吗？你准备好了与人工智能共同发展了吗？人工智能真的会在未来威胁人类吗？探索频道（Discovery Channel）携手人工智能行业的领导者，百年科技巨头——IBM，给出了答案，推出纪录片《这就是人工智能》。
计算机基础与应用,"李春宏,徐娟,沙莉,玄文启,沈湘芸,何锋",云南财经大学,15133,以能力为本位，充分应用实践平台和网络教学平台，贯穿计算文化、计算技术、计算思维三层次， 融合思维培养与应用能力培养，突出计算思维能力的训练，提升素养，加强能力，广度优先，融入专业。
深度学习基础,刘远超,哈尔滨工业大学,14580,深度学习是人工智能时代的关键技术之一。本课程是一门侧重在深度学习相关理论基础的课程，并对深度学习的典型模型框架的基本原理进行了介绍。如果你想亲密接触深度学习、人工智能等并愿意付诸实践，请加入进来吧！
大数据算法,王宏志,哈尔滨工业大学,14542,大数据不论在研究还是工程领域都是热点之一，算法是大数据管理与计算的核心主题。本课程试图简要介绍大数据计算中涉及到的基本算法设计方法。适用于大数据研究与开发人员，也适用于数据科学爱好者。
计算机绘图,涂晶洁,宁波大红鹰学院,9894,本课程采用项目化教学法和案例讲解法开展教学，由简单平面图形的绘制、典型零件图的绘制、复杂零件图的绘制、装配图的绘制、减速器三维实体造型等八个项目组成。
智能设备应用开发（基于Android平台）,"贾连芹,周倩,王军,徐红",山东商业职业技术学院,9744,本课程主要面向高职院校移动互联网、物联网应用技术、软件技术等专业在校生，以及具有Java编程基础有意向从事基于Android的智能设备应用开发等相关工作岗位的上班族。
学做小程序--云开发篇：近义词小程序,"刘强,施建锋,伊甸",清华大学,9207,    微信小程序  云开发 实操 手把手     本课程是由清华大学软件学院制作的微信小程序学习系列教程，由资深项目经理、产品经理、前端和后端工程师主讲，微信团队担任技术顾问。通过“云开发的基本知识”、“产品原型设计”、“小程序前端实现”、“云开发后端接口开发”、“小程序对接接口”一步步教同学们如何“从无到有”完成一个小程序项目的开发。
Web安全实践,郭燕,中国科学技术大学,5821,Web应用的搭建依赖于多种平台和技术，任何漏洞都有可能导致针对Web的攻击。攻击层面包括如操作系统、Web应用服务器、后台语言、客户端等。因此《Web安全实践》课程内容主要分为3个方面：（1）网站服务器Apache的使用和HTTPS服务的实现；（2）针对Web应用的攻击和防御实现；（3）针对服务器或
液晶显示技术,"王丹,姚日晖,郑奕娜",华南理工大学,5818,你知道手机、电脑、电视是怎么实现彩色显示的吗？ 面对市场上种类繁多、型号各异、价格相差甚远的液晶显示产品，购买时又该关注哪些性能参数呢？ LCD？LED？QLED？OLED？是不是有点傻傻分不清呢？ 本课程将带领大家了解液晶材料的神奇特性，揭开神奇有趣的液晶显示技术的秘密！
网络安全技术,张玉,南开大学,4334,        本课程深入浅出地介绍网络安全的基本概念及技术，通过学习本课程学生能够掌握网络安全的基本知识，具备一定的实践动手能力，学会去发现和解决网络安全有关问题。
概率论与数理统计,"马占友,吕胜利,马金旺,王春艳,张彦,方汶铭,田瑞玲,张海锋",燕山大学,7657,概率论与数理统计是高等院校理工科和经管类各专业必修的一门重要基础数学理论课程。该课程主要研究自然界、人类社会及技术过程中大量随机现象的统计性规律，其理论及方法被广泛应用于自然科学、社会科学、管理科学等领域中，而且不断地与其它学科相互融合和渗透。
Web设计与应用,"潘晟旻,方娇莉,姜迪,郭玲,普运伟,陈榕,张春红,刘领兵,田春瑾,耿植林,黎志",昆明理工大学,7470,课程围绕B/S模式架构，逐层展开对HTML5、CSS3、JavaScript、Bootstrap、SpringMVC等主流开发技术及框架的讲解。课程旨在传授Web设计的理论知识与应用技巧，知识体系完整、内容翔实、讲解生动、案例精彩，在轻松入门的基础上突出了知识在设计中的实际应用。
嵌入式系统,"毕盛,汪秀敏,毛爱华,唐杰",华南理工大学,7468,华南理工大学计算机科学与工程学院的《嵌入式系统》课程，结合当今智能硬件、物联网以及互联网+等技术的发展，以当今主流的ARM芯片为主题，对嵌入式系统芯片的核心模块、外部接口和应用进行了讲解，并结合一个综合实例智能小车的开发及实现从而使学生能全面掌握嵌入式系统的开发过程。
程序设计基础,"苏小红,赵玲玲,叶麟",哈尔滨工业大学,12144,编程语言层出不穷，能以不变应万变的奥秘何在？答案就是“编程之魂”。本课程不会像传统的编程入门课那样通过语言传达“编程之魂”，而是将学习编程前你该了解的那些事从具体的语言中剥离出来，取其灵魂，聚焦于程序设计思维的建立，然后在后续课程中以C语言为例深入讲解用语言表达思想的技术。
计算机控制导论,李东升,山东大学,12128,控制是工程的基础，计算机控制则是当代控制系统的主要形式。本课程借助LabVIEW工具，从信息处理角度讲授计算机控制系统的分析、设计和实现，强调数值运算和软硬件协同设计，帮助您提高解决工程控制问题的能力。
大学物理（力学）,"孟庆鑫,韩权",哈尔滨工业大学,12089,哈尔滨工业大学物理教研室集体打造的《大学物理（力学）》课程，将用生动形象的语言、趣味横生的演示实验、多变的视角，向你们展现一个丰富多彩的物理世界，和你们一起感受自然和科学的无穷魅力。
嵌入式系统理论与技术,"胡威,施青松",武汉科技大学,6665,嵌入式系统是根据应用的需要，对软硬件进行裁剪，从而满足定制要求的专用计算机系统；是先进的计算机技术、半导体技术、电子技术和各个行业的具体应用相结合后的产物。而随着半导体技术的发展，摩尔定律将会在十年内继续有效，这表明芯片的集成度将进一步提高；在性能得到提升的同时，芯片面积和价格也在不断降低。这就使得嵌入式系统的应用范围进一步扩大，几乎所有的产品都可以进行芯片的集成，这种现象被称为“消失的计算机”（Disappearing Computer），意味着嵌入式系统将是无处不在的。
计算机辅助设计,方利国,华南理工大学,6481,本慕课课程是计算机辅助设计和微机化工应用综合使用的课程。学员可以根据自己的课程选择相关内容进行学习。 学习内容涉及AutoCAD图形绘制及2次开发，Excel 宏开发及规划求解，VB6.0化工应用软件开发，origin2018实验数据图形绘制，MATLAB2014应用基础。学员成绩采用平时作业、视频学习、翻转课堂表现，上机考试以及在线答题等共5部分组成。
操作系统(RISC-V),"向勇,陈渝",清华大学,6468,操作系统课(RISC-V)以RISC-V为CPU平台实例，讲解操作系统中如何管理和协调应用程序对计算机系统中软硬件资源的使用。
数据挖掘,"喻梅,王建荣,于健,徐天一,赵满坤,高洁,刘志强",天津大学,10210,您想了解大数据吗，您想知道怎么利用大数据吗？来听这门课吧，生动的讲解，精彩的案例分析，带您解析智慧生活背后的原理。
TCP/IP网络,"陈积常,卢志翔,彭越,麻时明,刘泉生",南宁学院,9025,《TCP/IP网络》课程理论与工程实践相融合。从网络技术岗位需求导向出发，即看即可得的课程设计，以网络设备为载体，贯穿理论知识点的学习，破解实际工程问题，应用为先，体现“教-学-做”一体化的授课模式，突出培养学生的实践动手能力。
高性能计算机网络,颜昕,武汉理工大学,8809,计算机网络技术的发展日新月异，高性能计算机网络课程讲解最新的网络通信技术，并教会你一些进行网络研究的方法。内容包括网络结构、差错控制、服务质量、拥塞控制、网络应用、网络仿真、网络安全七大知识专题。
游戏程序设计,"徐力,钟建斌,高璐,孙峻,王毅,兰翔,马若遥,王海龙,乔晨,黄健聪,陈志浩,周轩,赖贵雄,林智超,潘霖,晁阳,唐声福,曾毅,刘洋,陈明建,李波,祝清鲁,赵永伟,肖坚",清华大学,8563,本课程由清华大学美术学院与腾讯游戏联合制作，通过创新人才培养模式，打破传统课堂的局限性，将游戏程序设计领域的知识传授给学生，让学生感受游戏程序设计知识的精彩之处，引导学生进入丰富的游戏程序设计的世界，探索更多未知，掌握更多游戏程序与开发的技巧。
单片机原理及应用,"李璋,姚静,黄汉华,田茂",湖北大学,5774,"单片机,它不是完成某一个逻辑功能的简单芯片,而是把一个计算机系统集成到一个芯片上，相当于一个微型的计算机。和普通计算机相比，单片机只缺少了输入和输出设备。概括的讲：一块芯片就成了一台计算机。"
数据结构,胡平,安徽工程大学,5640,每一个软件技术从业者都应具备基本的数据抽象、组织、描述以及算法分析能力。当前，几乎所有的主流编程语言在API甚至语法层面，都内建了数据结构支持，如C++的STL、Java的容器框架、Python的序列/映射等，可以毫不夸张地说，开发任何规模和复杂程度的软件都离不开数据结构。  《数据结构》课程在我校已连续开设二十余年，共涉及十余个专业的学生。目前，本课程已获安徽省一流本科课程下设的全部3个子类项目的支持，具体包括：2014年省级精品资源共享课程项目(2018年该类项目改名为“精品线下开放课程”)、2018年省级MOOC示范项目和2018年省级智慧课堂建设项目，其中的MOOC项目也是我校首门在公共平台上线运营的MOOC课程。团队非常重视课程资源的建设，从2007年起，团队先后自制/搭建了可交互算法演示动画、课程资源共享平台、题库系统等，学生普遍评价受益良多。本课程的多媒体资源获2010年安徽省多媒体教育软件评选一等奖，主讲教师获2020年安徽省线上教学名师。
C语言程序设计,"唐宁九,段华琼,孙炼,段雨梅,陈芳",四川大学锦城学院,5496,C语言是Combined Language（组合语言）的简称，其应用非常广泛，既可以编写系统程序，也可以编写应用程序，还可以应用到单片机及嵌入式系统的开发中。C语言一直占据编程语言排行榜的前两名位置，它是大多数开发人员初学编程的首选语言。本课程使用不一样的教学方式，各知识点循序渐进，一点一点展现各个技术要点，让学习变得轻松自如。“麻瓜”变“魔法师”，就是这门课程！
数据结构与算法,"吕威,冯广慧,苏清朗,陈群,马蕊,曾志平",珠海科技学院,4281,程序设计就像搭积木，数据结构是零件，而算法则是设计图纸。高效运行且节约存储空间的程序，取决于数据结构和算法的设计。本课程按照“线性结构，树型结构，图形结构，集合结构”四大模块循序渐进展开，重点学习线性表、字符串、栈和队列、树和二叉树、图以及集合在计算机上的存储和处理。 ★目前课程已更新含思政元素的全新微课；★在学习一些难度较大、不易理解、容易混淆的内容时，通过MANIM+PYTHON制作的算法模拟动画演示其工作原理；★另外还提供了一些全国硕士研究生统考真题作为自测习题巩固知识点学习效果。★本期课程将开设直播答疑环节，具体时间详见课程论坛！
推荐系统,刘宏志,北京大学,4259,是什么让平台比男朋友/女朋友还懂你？刷视频疯狂上头机不离手，买买买毫不犹豫立即下单? 是神奇的推荐算法！ 想了解为什么要用推荐算法，需要收集哪些信息，特征工程怎么做，常用推荐算法的原理、思想、实现和应用场景。 欢迎来《推荐系统》MOOC找答案！ 
计算社会科学,吕鹏,中南大学,4119,基于ABM多智能体模拟，讲授计算社会科学核心技术与研究范式。我们的口号是“文科生也能学会计算机编程”，本门课程鲜明特征是：软的研究、硬的技术，将在此实现融合。通过课程学习，掌握计算社会科学核心技能，轻松玩转社会系统仿真模拟。本课程核心方法，将应用于计算社会学、计算政治学、计算法学、计算经济学、计算传播学、计算心理学、计算历史学等具体领域研究。
创新思维与创新方法,"崔立真,鹿旭东",山东大学,2994,创新创业，方法先行！
C语言程序设计,龚本灿,三峡大学,2943,学习C语言，培养计算机思维能力。
AutoCAD软件应用,"徐秀娟,孙路,霍奕宇",陕西国防工业职业技术学院,2941,专于机械设计、提升制图技能。
信息与通信技术,董宇涵,清华大学,7433,信息与通信技术是物联网、互联网和移动通信网络的核心技术，也是人工智能领域的重要技术支撑。本课程突破了传统课程的组织架构，深入整合了信息与通信技术所涉及的传输、网络、信息处理等关键概念、原理与方法，旨在以点带面、通俗易懂地为交叉学科背景的学生呈现信息与通信技术的基础理论、前沿技术和典型应用，在拓展视野的同时建立起完备的知识体系。
计算思维导论,"吕橙,万珊珊,邱李华,郭志强",北京建筑大学,7357,本课程将带你学习计算思维概述、计算基础、计算平台、网络技术与数据共享、数据库技术与数据管理、逻辑思维、问题求解、数据分析与数据挖掘等相关知识。
智能车制作：底盘结构与调试,杨珏,北京科技大学,7239,介绍车辆动力性、操纵稳定性等基本原理与分析方法，以智能车竞赛应用为例，介绍提高车辆动力性和稳定性方法。
计算机网络,"郑瑞娟,王琳,肖春宝,张明川,吴庆涛,朱军龙",河南科技大学,5244,这是一个属于互联网的时代。想了解网络世界的神秘原理么？想一起探索网络江湖的本质技术么？《计算机网络》课程就在这里。经验丰富的教授担任主讲，认真负责的海归担任助教，工程功底深厚的工程师辅助指导！精心提炼、制作的55个知识点视频给你好看！来吧，《计算机网络》课程已经向你扑面而来，让我们携起手来，安排！ 
计算机专业实用技能导引—从基础技能到工程实战,清华计算机系科协团队,清华大学计算机系学生科协,5089,用“最终版本_ver_1(1)”管理文件版本何时是个头？ 每次安装软件的时候都在作祟的“环境变量”到底是什么？ 朋友圈里总是能看到“9块9学 Python”，你会了吗？ 想上手工程，体验从开发到部署的全过程？ 你的需求，我们最懂。 本课程立足编程初学者的需求，内容涵盖了从基础技能培训到工程框架介绍的系列内容，帮助同学接轨后续学习生活、培养对编程的兴趣。
“做中学”Java程序设计,郑哲,宁波城市职业技术学院,6313,使零基础的学生具备Java程序语言开发的相关知识和技能。
操作系统原理,田丽华,西安交通大学,6267,操作系统原理课程主要介绍操作系统的设计方法和实现技术，讲授操作系统的设计精髓及基本原理。主要内容包括操作系统基本概念，以及进程管理，存储管理，设备管理和文件系统管理等核心功能的设计与实现。
数据结构与算法,"刘馨月,于红,张淼",大连理工大学,6072,《数据结构与算法》主要讨论抽象数据关系和算法在计算机中的表示与实现，具体包括线性表、栈、队列、树、图、查找和排序六个知识模块。
媒体大数据挖掘与案例实战,沈浩,中国传媒大学,8499,什么是大数据（Big Data）？它将如何改变我们的社会生活？《媒体大数据挖掘与案例实战》课程内容涵盖“大数据”的主要几个方面，包含数据获取、文本分析、网络分析、数据挖掘和大数据可视化等方面，旨在帮助学生认识大数据，同时学习方法，掌握相关技术。
Human Computer Interaction（人机交互）,"陈雅茜,方诗虹,余骁禹",西南民族大学,8041,交互无处不在。在每天的生活和学习中，我们会和各种各样的系统打交道。你有没有碰到过很难用的系统？应该如何改进？怎样才能设计出具有良好可用性的系统呢？通过《Human Computer Interaction》全英文课程的学习，你将了解人和机器的基本特点，知晓用户界面设计的基本规则，掌握交互系统设计基本方法，建立以用户为中心的交互设计思维，遵循交互设计方法设计出具有良好可用性的交互系统。
互联网体系结构,"孟宁,刘贵学",中国科学技术大学,5434,本课程从实践入手循序渐进，以Linux系统环境和Linux内核源代码为例，将Linux网络相关命令用法、Socket网络编程、TCP协议、IP协议及路由表、ARP协议及ARP缓存、二层交换网络的学习转发和过滤数据库等互联网架构的关键环节一一解析，并通过MenuOS实验系统进行代码跟踪分析。最终理解分析打开一个网页背后互联网的工作过程，其中重点分为三个抽象层次：一是便于人类理解的记忆的编址方式DNS Naming；二是便于全球定位编址和路由的IP Networking；三是便于局域网中实际完成数据交换传输的Layer 2 Switching；同时在理解互联网体系结构的基础上探寻它的历史演化渊源，乃至发现它背后的设计哲学，解读未来网络的演进方向。
软件工程,"张晓龙,刘茂福,赵红武,王磊,高峰",武汉科技大学,5433,本课程以UML和统一过程为主线，深入浅出地介绍了敏捷开发、基于场景的模型、类模型、行为模型、流模型、体系结构风格、用户界面设计、评审、测试项和目管理等内容。
操作系统,张伟,东北大学,5432, 想知道操作系统是如何管理计算机硬件的吗？想知道多线程程序设计的基本原理吗？想知道进程和线程的区别吗？想知道内存是如何分配的吗？来吧，我们一起进入操作系统的世界！
8位嵌入式电子产品开发,牛俊英,顺德职业技术学院,4084,"现代化社会与嵌入式电子产品息息相关，制造工业、过程控制、通讯、仪器、仪表、汽车、船舶、航空、航天、军事装备、家电等消费类产品等等均是嵌入式产品的应用领域，涵盖了生活、工作的方方面面，还在不断拓展延伸。因此景,通过嵌入式课程学习成为专业的嵌入式技术人才,将获得广阔的职业发展空间。 课程以培养8位嵌入式电子产品开发能力为目标，按照简单产品到复杂产品开发的思路，引导学生完成接线检测器、迷你示波器、健康护理仪、智能孵化器等真实且实用项目的开发，通过与职业工作过程对接的学习过程，培养学生嵌入式产品开发能力、工程思维方法能力，从而胜任8位嵌入式电子产品开发工作。"
PHP程序设计,"耿倩,党佳奇,雒江川,李俊,赵革委,蔡苏亚",陕西工业职业技术学院,4053,PHP是一种运行于服务器端并完全跨平台的嵌入式脚本语言。它具有开源免费、易学、开发效率高等特点，是目前WEB应用开发的主流语言。
网络安全技术(上海高校精品课程),贾铁军,学堂在线,3818,"“十三五”国家重点出版规划项目暨上海市高校精品课程资深教授主讲。采用上海精品课程特色教材（上海优秀教材奖,立体化 新型态,扫码看视频），主要包括“攻（攻击）、防（防范）、测（检测）、控（控制）、管（管理）、评（评估）”等基本理论和实用技术，注重教 、学、练、做、用一体化，有助获取证书深造和就业。"
网络安全,"曹家浩,郭润",清华大学,9073,近年来，新型网络攻击层出不穷，出现了多起网络安全事件，其中非常著名的是微软“永恒之蓝”漏洞引起的恶意勒索攻击以及Mirai僵尸网络的DDoS攻击等，这些网络攻击导致了巨大的经济损失。因此，及时挖掘和发现网络空间的安全问题，设计安全可靠的防御机制，对保障互联网的稳定运行至关重要。本场报告分别围绕SDN安全威胁和CDN安全威胁展开介绍，相关的两项研究均已发表于安全四大顶会之一的NDSS会议。
文献检索与论文写作,武祥龙,西北工业大学,3510,庄子曰：“吾生也有涯，而知也无涯”。人类有限的生命和智慧不可能记住无边无际的知识，必须掌握在浩瀚知识海洋中获取信息的能力，这就是文献检索。论文是知识的载体和传播工具，论文写作是科研人员必备能力。通过学习，您将会拥有获取信息的强大能力和论文撰写的基本思路。
多媒体技术及应用,"郭芬,林育蓓,陆芳",华南理工大学,3410,本课程主要学习多媒体技术的基本概念，学会使用多媒体硬件设备和多媒体软件环境，从应用的角度出发能够利用多媒体创作工具开发多媒体应用软件或制作多媒体作品，培养学生的实际技能和创新能力。
网络空间安全技术,闫怀志,北京理工大学,2932,“没有网络安全，就没有国家安全”。信息技术和网络空间信息系统的飞速发展，网络空间博弈和攻防对抗的日益加剧，使得网络空间安全保障成为不容回避的现实问题。网络空间安全涉及安全基本理论、技术应用、法律法规、标准规范等诸多方面，而安全技术及其应用则是实施安全工程、构建安全保障体系的关键核心。同时，网络安全技术应用和网络强国之路，更加需要我们增强国家安全意识、弘扬科学创新精神，更加需要我们遵循工程伦理规范、彰显大国工匠素质。本课程立足网络空间安全技术领域，重点讲述安全攻击、安全防御、安全监测技术体系及其综合应用，系统构建网络空间安全技术知识图谱。课程为北京理工大学精品课程、思政示范课程、精品网络共享课，配套精品教材。课程内容既深入浅出、循序渐进，又高度凝练、立体丰富。不要犹豫，请随我们一起踏上网安技术神秘世界的探究之旅。
C Programming,"丁海燕,胡盛",云南大学,2910,"   Program design is an important basic course for information major and other science and engineering subjects. It includes  basic sstructured programming, array,  function etc.     If you want to cultivate computational thinking to solve and deal with practical problems of your major, and have the basic ability of using C language to develop application software, master the method of computer programming, and lay a solid foundation for the follow-up professional courses, then welcome to join our course"
数据库概论,"张璇,包崇明,蔡莉,何婧",云南大学,2400,通过本门课程的教学，帮助学生加强对数据库系统概念、原理的理解，使学生能够熟练掌握一种主流数据库产品的功能、应用和基本开发技术，培养学生运用数据库知识解决实际问题的能力，并为进一步的学习打下良好的基础。
网络安全攻防入门：漏洞利用及渗透测试基础,刘哲理,南开大学,11208,如果你想知道黑客如何进行攻击，学会渗透测试，动手实践一下针对WEB网站的SQL注入等攻击。本次讲座将围绕网络安全的源起之地-漏洞与渗透测试，与大家分享知识与经验
网页设计与地图应用,"李中元,梅新,杜晓初,成晓强,陈志杰",湖北大学,2391,"      本课程旨在以实际案例任务驱动的方式，让学生在不断地实现目标过程中逐步积累，最终形成一个完整作品的思路来引导学生学习。通过对于网络历史的了解，编程游戏的学习，以及我的简历、流程图、第一个网页、我的课程表、四则运算、网页计算器、百度地图同学录、百度地图长征故事、百度地图西游记故事等案例的实现，逐步掌握html, css, javascript, bootstrap等网页制作的基本技能，调动学生对于网页设计的兴趣，进而启发大家对于编程的兴趣。本课程的特色在于每周一练，逐步积累，步步为营，希望同学们能够针对相应的案例多加练习。"
计算思维导论,"唐培和,徐奕奕",广西科技大学,7160,计算思维是一种方法论，计算思维教育奉行的是“不要告诉我世界是怎么样的，告诉我如何创造世界”，它可以启迪大家心灵与智慧，可以提升大家的创新意识和能力。
自然语言处理,赵海,上海交通大学,5040,自然语言处理（NLP）是人工智能的一个子领域，是一门综合性极强的学科，被誉为“人工智能皇冠上的明珠”。
计算方法,"张晓丹,郑连存,卫宏儒,沈政伟,丁军",北京科技大学,4890,"计算方法是研究建立应用计算机解决各种数学问题的数值方法与理论，学习先进的计算方法,将为同学们后续的学习和工作奠定坚实的基础。"
计算机网络,刘家芬,西南财经大学,4672,说起计算机网络大家都不陌生，我们现在的工作、生活都和网络息息相关，但是网络到底是如何工作的？互联网的结构是怎样的？大家却可能并不了解。大家也可能在使用网络的过程中碰到过网络故障却束手无策：例如QQ和邮箱都能正常工作，但网页就是打不开，可能是什么原因？应该如何排查故障？大家还可能对“互联网+”“云计算”“物联网”等新名词耳熟能详但却一知半解：这些和网络有什么关系？ 《计算机网络》课程就能帮助大家解决这些问题，带领大家走入这既熟悉又陌生，还带着些许神秘色彩的网络世界。 这门课程会对计算机网络的原理与技术进行系统的介绍，帮助同学们掌握计算机网络的相关概念、发展历史和设计思路，熟悉计算机网络的体系结构，网络各个层次中面临的问题和解决办法，并在实践中掌握网络组网和故障排查的基本操作，了解并追踪网络新技术和发展趋势。通过这门课程的学习，大家不仅能掌握计算机网络的设计思想和工作原理，更重要的是能体会到前人在计算机网络设计中的巧妙构思，能一同追寻前人在网络实现和改进上的不断尝试，从这一系列碰到问题、思考问题、解决问题的过程中培养自己思考、分析、探索、实践的习惯。  现在就和这门课程一起进入计算机网络的奇妙世界吧。
程序设计技术（基于C）-基础,"刘慧君,王茜,陈恒鑫,葛亮,曾令秋,杨瑞龙",重庆大学,5901,本课程从程序的“设计“入手，按照基础、提高与应用（6个典型应用，包含图像处理、游戏等）两个层次组织教学内容，着重培养学生独立分析问题、抽象模型、构造算法、编写程序、最终解决问题的能力。
数据化企业,"刘士军,潘丽",山东大学,5394,数据为企业带来新思维、新技术、新模式。课程从数据变革制造、数据驱动生产、数据精细管控、产品数据与数据孪生等方面展现数据化企业的理念与技术；借助众多生动的案例，全景展示数据化企业的时代趋势与价值，有助于学习者开拓视野，获得理念引导和技术参考。
数据结构与算法设计,董傲霜,东北大学,5327,"《数据结构与算法设计》是计算机相关专业的一门重要的专业基础课程, 课程讲解数据的各种逻辑结构、对应保存到计算机存储器中存储结构、对存储到计算机中的具有关系的数据进行各种运算的典型和实用算法。本课程采用C++语言描述数据结构、数据结构的应用内容，学习者能加深理解数据抽象与面向对象编程实现的关系。通过本课程的学习，可以提高学习者的高级编程的能力，为从事软件开发打下坚实地基础。"
计算机音乐,李荣锋,北京邮电大学,3800,​计算机音乐是计算机科学与音乐学交叉学科，探讨计算机音乐课题中的数字音频处理、音乐的数字表示以及计算机自动作曲问题中所涉及到的计算机技术、算法及其编程实现。
单片机原理及应用,鲍佳,浙江理工大学,3692,本课程以PIC18F系列单片机为核心，讲解单片机的内部结构，各功能模块的工作原理以及应用。该系列单片机采用的是Harvard结构、内部资源丰富，近年来在8位MCU零售市场稳居前二。学习视频含大量实验，可以多方位地锻炼初学者的综合能力。
3D游戏引擎架构设计基础,陈泽琳,华南理工大学,3583,游戏引擎是面向游戏开发者的独立复杂组件。 3D游戏引擎架构设计课程是学习游戏引擎的架构设计思想和主要模块设计，其中包括两个开源游戏引擎分析：OGRE和Panda3D。 
数据库技术应用,"赵祯,刘刚,孙凤龙,田雪",内蒙古电子信息职业技术学院,3279, 通过贯穿知识点银行自动存取款机数据库案例，以形象的比喻、实用的案例、通俗易懂的语言讲授了数据库基本知识及MySQL开发技术，为数据库系统开发和大数据相关工作奠定基础。请跟我们一起走进数据库技术应用开放课程，我会带着大家站在大数据管理的角度，通过企真实项目体验带您探索现代数据管理的基本原理和方法。
语音信号数字处理,王晶,北京理工大学,3265,       本课程采用理论结合实践的教学方法，利用多媒体课件结合音视频资源来丰富教学内容，采用课堂教学和课后设计相结合的方式，提高学生的自主学习能力， 对于理论教学内容采用课堂讲授、教学互动以及图片视频展示等方式，对于应用实践能培养，本课程配套建有 2 个符合国际标准的“语音实验室”，可用于学生进行实践学习和培训。本课程具备长期的教学基础，结合学科发展内容进行设计， 课堂上除了讲授基础和专业知识，还就目前国内外相关领域发展进行背景综述， 引导学生力争为我国在本领域科技发展做出贡献。本课程探索融合教师课堂讲授、学生分组研讨、专家专题讲座、课后设计分析、专业实验培训等多维度立体 式的教学方法，形成有特色的教学方法与教学手段，打造研究生全英文精品课程。
高级语言程序设计,"张长海,陈娟,吕帅",吉林大学,3112,本课程面向无编程基础，并致力于编程的学生，使其掌握结构化程序设计的基本概念、思想和方法，并培养其计算思维能力。通过本课程学习，学生能够掌握程序设计语言的基本语法、结构化程序设计的思想和方法，养成良好的编程风格；最终能在这些方法和思想的指导下，使用C语言写出解决实际问题的程序。
C/C++：从基础语法到优化策略,于仕琪,南方科技大学,2863,由OpenCV中国团队负责人于仕琪推出的C/C++课程，介绍将程序速度提升几十倍方法，并以OpenCV和ARM为例提升实战能力。
软件理论与工程,"车海莺,高广宇",北京理工大学,2667,由于该课程是研究型课程，学生把软件工程的理论和实际工程以及前沿技术的研究报告撰写相结合，曾经多次获得北京理工大学研究生精品课荣誉。本课程中详细讲述个各种软件工程相关的理论和方法，为学生从事软件工程实践提供了全面和系统的指导。
程序设计技术(基于C)-提高与应用,"刘慧君,王茜,陈恒鑫,葛亮,曾令秋,杨瑞龙",重庆大学,2629,本课程从程序的“设计“入手，按照基础、提高与应用（6个典型应用，包含图像处理、游戏等）两个层次组织教学内容，着重培养学生独立分析问题、抽象模型、构造算法、编写程序、最终解决问题的能力。
AI时代下，智慧图书馆该如何重构？,,,11836,智慧图书馆或将成为21世纪的主要的图书馆形态？
虚幻引擎（UE4）技术基础,"胡小强,石卉,晏茗,黄颖翠,杨雪,危熹",江西泰豪动漫职业学院,2257,UE4是游戏制作引擎，用来开发虚拟现实（Virtual Reality）方向的项目制作。本课将深入探讨UE4，通过引擎在各领域展示的革命化，掌握其高度沉浸式开发与交互设计。
Code+程序设计大赛习题讲解,清华酒井算协,学堂在线,2251,清华算协携手学堂在线，品牌赛事code+程序设计网络挑战赛，赛题精讲！
智能控制导论,"刘辉,王彬,李俊丽,詹跃东",昆明理工大学,4618,您想了解智能设备是如何“思考”的吗？您想学会并使用MATLAB实现自然界的智能并应用于自动控制任务吗？《智能控制导论》带您走进充满魅力的信息科技世界，一起学习专家控制、模糊控制、人工神经网络、遗传算法的知识和应用。
高级语言程序设计,"祁文青,程细才,谢晋",湖北理工学院,4519,本课程在关注重心上做了大胆改革，本课程的重心是现实环境中的各类数据对象，并通过恰当的方法来存储数据、处理数据。本课程在后几章中强化了对C语言的函数、指针、字符串、结构体、动态内存分配这些知识点的训练，引导学生由浅入深掌握对各种类型数据的操作
智能控制,黄从智,华北电力大学,4374,智能控制，专家系统，模糊控制，神经网络，进化计算，遗传算法，遗传编程
Python 交互式程序设计导论,张太红,新疆农业大学,2088,无
5G系统观：从改变生活到改变世界,张晨璐,vivo iQOO,2064,通过课程学习，能够了解通信的理论与实践前沿，对5G建立系统认知，由浅入深全方位理解5G的发展史、技术层、应用层和职业路径，认知通信技术变革如何改变生活、改变社会、改变世界。
编译技术,"徐秀娟,贾棋,任志磊,江贺",大连理工大学,3108,“编译技术”作为软件工程专业的核心课程，旨在对介绍编译器构造的一般原理和基本实现方法。本课程强调对编译原理和技术的宏观理解。通过课程讲解，使学生掌握文法与语言、词法分析、语法分析、语义分析、优化与目标代码的生成等基础理论知识。  课程学习目标： 1、能够说出编译器的内涵与外延、以及对程序开发的作用 2、能够使用正规式、有限自动机进行词法分析，会使用子集构造法将NFA转换为DFA 3、能够使用自上而下的预测分析法和自下而上的移进归约分析法进行语法分析 4、运用S属性和L属性定义解决语义分析问题 5、能理解程序编译时和运行时的区别，理解运行时存储空间的组织与分配方法 6、能充分运用三地址代码、后缀表示、语法树解决中间代码生成问题 7、能够复述编译器的基本结构、编译器的基本工作原理 8、本课程列出了若干个讨论问题，由学生自己思考讨论
跟着案例循序渐进学习c,"白妙青,王雪婴,张红艳,萧宝玮,王文剑",山西大学,3101,  C语言因其语法简单、语句灵活、表达运算能力强、硬件控制能力高、可移植性好，被广泛应用于各个领域，是学习计算机编程首选的入门级语言。      本课程采用案例导入，知识点分解的学习方式帮助学习者快速掌握C语言基本知识，并应用于实际场景中解决问题，引导学习者逐步建立编程思维和程序设计的思想。 
计算机网络,"侯睿,李艳红,毛腾跃,周斌,王飚,朱剑林,胡燕",中南民族大学,3041,     想知道互联网的发展历程、现状和发展前沿吗？想知道目前因特网中各类数据信息是如何产生、传输和控制的吗？想知道如何利用交换机和路由器构建出定制的互联通信网吗？在本课程的学习过程中皆能获得这些重要的基本知识。不论你是对计算机网络感兴趣，还是继续深造，还是想获得相关资质，本课程都是大家不错的选择!
人工智能,陈钒,天津财经大学,2617,本课程系统的介绍了人工智能的基本原理、方法和应用技术，对国内外人工智能领域的最新研究成果也进行了讨论。
Data Structures and Algorithm Design Part I,邓俊辉,清华大学,2469,Learn the basics of data structures and methods to design algorithms and analyze their performance. 
计算未来云讲坛（2020）——清华大学计算机系前沿系列讲座,"刘知远,易鑫",清华大学,2245,“计算未来云讲坛”是学堂在线联合清华大学计算机系共同创办的线上交流平台，在这里，你可以聆听大咖导师的谆谆教诲、和学术大牛一起“科研论道”、和技术达人开拓“技术视界”、和行业精英一道“聚焦产业”。
系统辨识,"刘翠玲,赵峙尧",北京工商大学,2153,《系统辨识》是控制学科及其相关学科硕士研究生的一门学科基础理论课程。通过本门课的学习，可掌握系统、模型及辨识的基本概念、基本理论、基本方法和应用，对参数估计、时域辨识、频域辨识、随机系统辨识等经典理论方法有一个较全面掌握，对现代系统辨识技术新方法也有初步的了解。
机器学习入门,"周红,赵力衡,陈虹君,王珊,李瑶",四川大学锦城学院,2117,人工智能高速发展的时代已经来临，这门课程可以带你敲开人工智能的大门，揭开机器学习的神秘面纱，改变你对人工智能的认知。你可以对热门的人工智能技术、机器学习技术、深度学习技术一窥究竟。在这门课程中，我们会一起走近它们，对这些新知识和新技术进行初步的学习。
数据科学导论,"于长青,陈雅蓉,乌伟,褚鹏,张海静,姚全珠",西京学院,4373,大数据时代的到来，带来了信息技术发展的巨大变革，并深刻影响着社会生产和人们生活的方方面面。世界各国政府都高度重视大数据技术的研究和产业发展，把大数据上升为国家战略重点推进；企业和学术机构加大技术、资金和人员的投入，加强大数据关键技术的研发和应用。 大数据人才的培养是新一轮科技较量的基础，高等院校承担着大数据人才培养的重任。 开设数据科学导论，顺应了大数据时代的到来以及数据科学兴起，为计算机专业、数据科学与大数据专业、人工智能专业、统计学、医学、会计学以及金融学专业的学生，提供入门和导论性质的课程，为学生学习后续课程打下坚实的基础，有利于培养新一代数据科学家，为各行各业的数据处理提供紧缺人才。 数据科学导论从数据科学的基本理论、数学基础、应用统计学基础、数据科学流程与技术、数据科学与机器学习、深度学习、数据科学应用等方面进行了全面讲述，旨在把同学们引进数据科学的大门，帮助同学们建立数据科学的知识体系，具备一定的数据素养，有效提升同学们的数据意识、数据思维和数据能力。 数据科学是21世纪最令人羡慕的职业，这是一个蓬勃发展、前途无限的行业，让我们带着好奇，满腔热情，拥抱数据，从海量数据中抽丝剥茧、洞见趋势、拥抱未来
学术论文写作（计算机科学）,"王宇,杜宛宜,李映夏,王雷,任志磊",大连理工大学,4365,《学术论文写作（计算机科学）》是计算机科学与技术、软件工程、网络工程、信息安全等专业学生的一门重要外语类通识与公共基础类课程。对于专业性英语文章的较强的阅读和撰写能力是大学生在校期间以及今后走上教学和研究岗位后，应该掌握的一项基本技能。同时，毕业论文的写作，是每一位学生面临的一项重要任务。另外，学会阅读和撰写学科相关的学术论文，可以帮助学生掌握计算机科技领域的最新发展，拓展专业领域内的视野范围，并学会用科学研究的方法的态度学习和工作。与此同时，该课程的学习也可以帮助学生增加在国际间学习和交流的机会。
数据结构与算法,"秦俊平,赵志燕,杜雅娟,谢秀兰",内蒙古工业大学,1793,       《数据结构与算法》课程团队制作了精美的教学视频， 精心组织面向在线教学的教学设计，尤其是将典型的算法单独制作为小视频方便大家学习，课程准备了测试题与在线编程题配合教学使用，课程采用过程化考核与终结性考试相结合的方式进行评价，通过课程的学习，能够扎实掌握数据结构与算法的核心基础知识。
C++程序设计,"魏英,姜学锋,汪芳",西北工业大学,1787,程序设计课程是大学计算机基础教育和计算机科学与技术专业基础的核心课程，是数据结构、数学建模、软件技术等课程的前导课程。程序设计课程的教学目标是使学生能够使用一种开发工具熟练地进行软件开发，为学生将来创新实验、毕业设计、科学研究提供了有利的支持。
从入门到大神：疫情知识智能服务核心技术实践,"张鹏,曾奥涵,叶子逸,殷达,杜冀中",智谱·AI,2036,知识疫图-全球新冠疫情智能驾驶舱，是一个基于知识的全球新冠疫情⻛险评估和复工辅助决策系统，提供基于知识驱动、全球疫情统计数据和预测模型对世界各地的疫情发展及⻛险状况进行量化评估和预测(Forecasting);跟踪(Tracing)最新各方面疫情进展，包括科学研究、政府动态和社会舆论等各方面;面向地区、机构和个体提供复工复产(Recovering)各方面的辅助决策支持，包括地区疫情⻛险评估、政府政策推荐、个人生理和心理健康自测评估等。
Access程序设计基础,"梁洁,张泽华,崔燕妮,林玲",云南大学,2010,课程以一个贯穿始终的实例“足球世界杯”资料管理数据库为线索，实验以“成绩管理”数据库为操作实例，使用数据库管理系统Access2016为数据库平台，循序渐进、深入浅出地介绍数据库基本理论，数据库设计、管理及操作，可视化编程技术和面向对象程序设计的方法，内容丰富，通俗易懂。
大学计算机基础,"姚怡,劳眷,石娟",广西大学,1958,《大学计算机基础》（Windows 10 & Office 2016/2019）面向大一新生和学有余力的高中生开设，是学习其他计算机相关课程的基础课。本课程没有采取罗列知识点的传统教学方式，而是采用轻松有趣的视频动画形式去演绎计算机基础理论知识，并通过大量教学案例培养学生办公自动化能力。 
计算机是如何实现智能的,马少平,清华大学,8729,这是一个关于人工智能的科普讲座。人工智能经过六十几年的发展，取得了很大的成果，在很多领域得到了很好的应用。那么人工智能是如何实现的？本讲座将结合一些大家熟知的实例，介绍人工智能的实现方法，从而了解什么是人工智能以及它的实现原理。
软件测试与质量保证,"周勇,朴勇",大连理工大学,2106,本课程涵盖了软件测试与质量保证基础理论、质量标准、评审、功能测试、结构测试、测试组织与管理、面向对象测试以及测试自动化等主要内容，知识点划分合理，讲解细致、通俗易懂，力争在有限的时间内提供最有效的学习知识点和路径。欢迎学习者们加入我们，一起开启软件测试与质量保证的大门！
计算思维与人工智能基础,"毕利,杜方",宁夏大学,1766,教你用不同的思维，敲开人工智能大门！ 基于Python的TensorFlow应用案例介绍与实践！
程序设计提升指南：调试与测试的道与术-「疾风计划」导师专属直播【一年挑战计算机专业】,徐明星,学堂在线,11440,「疾风计划」导师专属直播，加学堂贝贝（xuetangx02）可申请独家回放地址及直播PPT
大数据管理与挖掘,邵景峰,西安工程大学,1749,    本课程与其他同类课程不同，内容侧重介绍如何用大数据挖掘知识解决各种实际问题。     本课程的特色在于以纺织行业为背景，以高维纺织生产数据为对象，以数据驱动的纺纱质量控制为场景，以数据采集、处理、建模以及可视化分析为手段，全面给学习者阐述大数据融合、大数据存储、大数据分析、大数据隐私、大数据管理系统等。
闲话AI：自然语言理解难在哪儿？,刘知远,清华大学,7389,人工智能（AI）的一大梦想是让计算机像人一样理解和使用语言，但人类语言（又称自然语言）则被认为是人类智能的集中体现。本次课程，刘知远副教授将带大家多层次认识，让计算机理解人类语言到底难在哪儿？
从感知智能到认知智能：深度学习再思考,邓志东,清华大学,4973,亟需将数据驱动与知识驱动方法相结合，探索具有理解与知识推理能力等的新一代认知智能理论与方法，从源头上推动人工智能创新与产业的大发展。
嵌入式系统及应用,"王宜怀,张建",苏州大学,1946,"本课程作为嵌入式人工智能与物联网相关专业的基础课程，以ARM Cortex-M微处理器为蓝本,采用构件化开发，针对每个知识点，提供样本程序(葫芦)，学生通过模仿该程序稍加修改后可完成符合自我要求的程序(瓢)。课程按照""通用知识—驱动构件使用方法—测试实例—芯片编程结构—构件设计方法”的线条，逐步阐述嵌入式系统基本知识要素及较为规范的底层软硬件相结合的设计方法，课程网站上提供丰富的教学资源。"
资讯科技——大学计算机基础,"刘小丽,许迅文,黄卫祖",暨南大学,1889,《资讯科技》是计算机通识教育必修课程，将从多个维度来讲解信息技术，从信息的表示、信息处理的载体、信息的互联，到大数据/物联网等新技术和信息安全，涵盖内容广泛。课程抛开复杂的理论，面向实际应用，以信息处理为主线，从工具的应用到代码的编写，由浅入深讲解信息的处理过程，通过案例剖析展示信息技术背后的机理，用录屏展示具体的操作过程。期望学生在信息的获取、加工、管理、表达与交流的过程中，掌握信息技术，提升信息素养。
C#程序设计,"刘君瑞,姜学锋",西北工业大学,1880,越来越数字化的世界决定了我们“要么编程，要么被编程”，不想被越来越信息化的时代抛弃，那就让我们成为时代的弄潮儿！颜值与身材并存的C#语言无疑是零起步编程的一把利器。它完全面向对象，同时“简单、现代、通用”，能满足多种平台的开发需求。来吧，一起用C#码出我们的魅力人生！
物联网技术与应用,吕建新,西安思源学院,1748,本课程重点介绍物联网的相关应用，尤其是其在工业、电网、安防、智能交通、智能农业、智能物流、智能家居、智能医疗、智能环保等方面的应用。以市场需求为导向，强调实践教学，在介绍物联网技术的概念的同时，讲授了物联网感知层、网络层、应用层与网络安全的关键技术，介绍我国与世界各国物联网应用成功的案例与一些重要的物联网研究问题。适合高校与物联网应用相关的专业的教学及学生自学。
大学计算机基础（艺术类）,"史家银,杜文博,朱原良",云南艺术学院,1743,计算机和计算技术是20世纪人类最伟大的发明之一。 第1台电子计算机诞生以来，人类社会快速进入信息时代，以计算机技术，网络技术，多媒体技术为核心的技术已渗透到艺术领域的方方面面。 如今，以AI为核心的智能互联网时代的到来，正在掀起“第四次工业革命”的浪潮。云计算、大数据、物联网等这些计算机科学的新技术，也与艺术有着千丝万缕的关系。 如何在互联网时代提高艺术类人才的信息素养和创新能力？什么是计算思维？计算机的发展经历了怎样的探寻过程，计算机的组成和工作原理又是怎样的？这些问题都将在《艺术类大学计算机基础》这门课中找到答案…… 
数据结构,"杨春花,刘国玲,李爱民,单建芳",齐鲁工业大学,1717,无论你是在校学生需要学习数据结构专业课、准备考研而对数据结构进行复习、或单纯对数据结构感兴趣，我们都能让你通过学习本课程有所收获。
计算机网络原理,李琳,青岛大学,1686,        从ARPAnet到互联网、移动互联网，再到今天走向万物互联的5G，网络科技以前所未有的速度迅速改变着人们的生产方式、生活方式和工作方式。短短五十载，人类社会发生了翻天覆地的变化。从互联网到“互联网+”，互联网已经与各行各业深度融合，成为支撑新时代科学技术创新与进步的基础。《计算机网络原理》课程是在网络技术领域学习和研究的起点，课程包含七个大的知识模块，34个子模块，62个知识点。课程采用模块化方式组织知识点，以系统思维为主导，采用“点-线-面-体”四维学习方法，以互联网作为主要载体学习计算机网络的基本运行原理，能够让同学们构建出一个立体化的计算机网络系统知识体系，为今后在网络技术领域的学习和研究打下坚实的基础。 
C语言程序设计精髓,"苏小红,赵玲玲,叶麟",哈尔滨工业大学,1680,​学习程序设计是一件充满挑战、更充满乐趣的事情，然而学习之初，它之所以给你枯燥乏味的感觉，那是因为没有发掘出它的趣味来。本课程力图用最简明的语言、最典型的实例及最通俗的解释将这种趣味性挖掘出来，带给你全新的学习体验，和你一起欣赏C语言之美，领悟C语言之妙，体会学习C语言之无穷乐趣。
Web前端开发,"董明,何杰惠,孙瑜,苟彦昉",陕西国防工业职业技术学院,1673,      在这个以互联网产业为基础的时代，网站的建设已经成为很多企业重视的问题。一个设计精良的网站不仅代表了企业的品牌形象、还能够推广宣传企业，为企业发掘潜在的客户。HTML5、CSS3、JavaScript作为网站建设技术的三要素，也成为网站设计人员的必备技术。
数据结构与算法,黄晓鸣,北京交通大学,1525,算法+数据结构=程序设计
云计算,宋亚奇,华北电力大学,1479,课程秉持“先工程实践，再理论研究”的思路，同时引入了开源以及商业的云计算技术和平台（hadoop、openstack、docker、阿里云），并通过大量的操作演示和实战夯实学生云计算工程实践的基础。在此基础上，重点介绍云计算平台背后的核心技术，包括虚拟化技术、容器技术、云操作系统、分布式存储与并行计算等，让学生知其然而知其所以然。该课程目前被华北电力大学线上线下混合式教学课程“云计算技术及应用”选用为线上教学专用课程。
计算机技术基础（c语言）,"康辉英,王冉,王帆",河北地质大学华信学院,1478,人工智能时代，编程是通向未来的语言。C语言是编程语言中最通用的语言，从航天飞机到家用电器，从宇宙飞船到智能玩具，无不渗透着C语言的身影。学习C语言，让你思维缜密，使你更具创意，做事效率更高，提高你的核心竞争力。让我们一起来探索C语言的奥秘，揭开C语言的神秘面纱！让我们一起来编程吧！
计算机辅助设计：参数化造型设计及表达,罗会甫,北京理工大学,1875,课程通过一系列精心设计的实例涵盖主要造型设计特征，工程制图表达的技巧；通过部件设计范例训练从产品性能参数到零件形状大小的设计，从零件参数关联到公差与配合设计。 
全球股市下跌-加密数字货币是避险资产吗？,罗玫,清华大学,2496,直播内容：全球宏观经济环境正遭遇新冠疫情的剧烈冲击，国际原油价格大幅下跌，全球主要股票市场大幅下跌，清华大学经济管理学院会计系罗玫教授将为你带来“全球资产暴跌，加密数字货币会是避险资产吗？”专题讲座。
Computer Networks,王昊翔,华南理工大学,1707,The Internet is making life easier and faster. How is this magic happening? This course will show you the secrets behind computer networks.
C程序设计,"姜学锋,刘君瑞,汪芳",西北工业大学,1702,人类学语言时，学会了听说读写，学数学时，学会了运算推理，学物理时，学会了观察实证，从而可以理解现实生活的周围，以便针对问题提出有效的解决方案。出于同样的理由，我们应该学习编程，这样能更好地理解越来越数字化的世界。编程不只是一门技术，它教会人们如何思考。现在，与我们一起学编程吧！
Combinatorics and Algorithms Design,"马昱春,赵颖",清华大学,1631,"This course covers topics in Combinatorics and Algorithms Design. We comprehensively discuss basic concepts, theories, methods, and instances in Combinatorics while focusing on concepts and ideas. We also discuss basic mathematics concepts in algorithms design including growth of function, Big-O notations and recurrence relations etc., and basic strategies of algorithms design including randomized algorithms, divide and conquer, and dynamic programming etc."
计算机网络工程实践,"桂学勤,钟良骥,吴谋,李歆",湖北科技学院,1628,课程结合两大网络工程项目，一是《小型企业网络综合实践》，二是《多出口大型网络综合实践》，理论结合实践讲述网络工程各项基本和高级实用网络技术。并利用华为eNSP网络虚拟仿真软件对各项技术进行实现。理论知识完整，所有实践内容录制完整教学视频。实践视频资源既有分解单项技术实现视频，也有整体项目实现。课程配套教材《计算机网络工程实践》于2020年8月由中国铁道出版社出版发行。
计算机网络技术,尹然然,安徽交通职业技术学院,1431,计算机网络正在改变着人们的工作方式、生活方式与思维方式，而且必将对人类社会的进步产生重要而深远的影响。
计算机辅助绘图——Solid Edge ST,李世芸,昆明理工大学,1431,本课程讲授三维CAD软件Solid Edge ST的操作方法和辅助设计方法，内容包括零件设计、钣金设计、装配设计、生成工程图等；使学生掌握应用Solid Edge ST进行零件、部件设计的方法和技巧，具备工程技术人员应有的CAD技能。
Python技术应用,"屈毅,王雪侠,胡文杰,史亚维",咸阳职业技术学院,1430,Python 是近年来最流行的编程语言之一，其语法简洁、可读性强，深受编程者的喜爱和选择。 本课程以Pycharm为开发环境，从入门者的角度出发，融入1+X相关证书涉及的知识点和技能点，以简洁、易懂的讲授逐步展开Python语言的学习。课程共分7个情景，分别是开启Python学习之旅、打牢Python学习基础、学会流程控制语句、掌握数据类型的应用、理解函数的使用、走进类与面向对象、精通文件的使用。学习者可以边学习边练习、巩固所学知识，提升实际开发能力。 本课程适合计算机类专业以及其他工科专业的Python课程学习，也可作为编程人员及自学者使用。
Data Structures and Algorithm Design Part II,邓俊辉,清华大学,1622,Learn the basics of data structures and methods to design algorithms and analyze their performance.
计算机组成原理与系统结构,李晨,西安交通大学,1549,       硬件是软件的基石，对硬件的了解程度决定了软件开发人员对系统性能的挖掘水平。本课程主要采用自顶而下的方法详细讲述了计算机的内部结构和工作原理，从整机角度引入各模块（如总线、存储器、I/O、CPU）之前的关系，并通过讨论计算机发展中遇到的具体问题引入当前最新技术理论提出的背景，并借此给出当今计算机系统所采用的解决方案中涉及到的先进技术，着重强调硬件设计因素与应用软件在运行过程中的关系及影响，无论偏软或偏硬的计算机相关专业的同学都能从中获益。
数据结构与算法,"石敏,焦润海,周长玉,林碧英,程文刚",华北电力大学,1399,以场景导入问题，化枯燥为有趣；用图示解释算法，变抽象为具体；各功能与操作实现的细致分析与设计，0基础小白也可以轻松入门；线性表、广义表、树、图、递归、查找和排序为纲；配套教材、动感课件、精华习题、实际科研和工程的教学素材，一路带你从入门到深入；令你在数学建模大赛、创新创业项目、考研、面试、科研以及工程开发中，由无道入有道；融德于智的引领式教学，令你实现真正的能力提升与价值拓展。 程序设计皆学问，数据结构即为道。 
操作系统,"李培峰,王红玲",苏州大学,1373,《操作系统》已在苏州大学开设了20多年，2018年被评为国家精品在线开放课程。本课程采用最新教材，从原理和实例两个维度入手，由经验丰富的老师深入浅出讲授操作系统的概念、功能、算法和原理等内容。本课程重构了课程内容体系，注重创新能力和创新意识培养； 教学过程重视学生体验，充分体现“以学生为中心”的教学理念；教学科研深度融合，教学内容时效性强。欢迎各类高校本科和专科生选修本课程。
安卓手机软件拼图式开发App   Inventor,王杰,广东开放大学（广东理工职业学院）,1344,让我们一起学做手机程序APP ; 搭积木、玩拼图，一起做手机程序APP；DIY自己的APP
个人计算机主要硬件介绍,朱书琦,清华大学,1300,随着计算机的飞速发展，个人计算机在现代社会不断普及，但是大众对于个人计算机的认识还比较有限，甚至存在很多误区。本次直播将以新手视角完成一次家用台式机主机的拆装，在过程中对涉及到的主要硬件进行介绍，带大家了解内存、硬盘、显卡等常见概念，正确认识它们在电脑运行中的作用。
计算机组成原理,"于瓅,廖正和,王卫平",安徽理工大学,1211,在知识方面，了解计算机组成原理的产生和发展，理解单处理器计算机系统中各部件的内部工作原理、组成结构以及相互连接方式，具有完整的计算机系统的整机概念。理解计算机系统层次化结构概念，熟悉硬件与软件之间的界面，掌握指令集体系结构的基本知识和基本实现方法。在技能方面，能够综合运用计算机组成的基本原理和基本方法对一些基本部件进行简单设计；并能对高级程序设计语言中的相关问题进行分析。
网络操作系统（Linux）,池瑞楠,深圳职业技术学院,1196,随着云计算、大数据、人工智能、物联网等新一代信息技术的迅速发展，Linux操作系统在服务器领域和智能终端领域都得到了广泛的应用，并且已经成为最受青睐的云计算、大数据平台操作系统。学好Linux操作系统，成为网络网络管理员、软件工程师、云计算/大数据工程师等IT从业人员的必备技能。 《网络操作系统（Linux）》这门课，将针对用户和企业的实际需求，通过几个和工作岗位密切相关的项目，带领大家一起遨游Linux操作系统。在本课程中，我们将主要学习目前流行的CentOS 7操作系统的系统管理方法，以及主流网络服务器的配置、维护与管理技能，侧重实践技能的培养，为大家入行和入职云计算、网络、软件等计算机相关专业工作提供帮助和支撑。
计算机辅助飞行器综合设计,袁昌盛,西北工业大学,1528,《计算机辅助飞行器综合设计》是为航空航天院校高年级本科生和研究生开设的专业课程，使学生了解飞行器设计的基本概念方法和计算机在设计过程中的应用。 本课程为专业基础课，目标是提升学生的实践能力和工程应用能力。
疫情防控，大数据分析大显身手,李国良,清华大学,1316,战“疫”有“计”第五讲，李国良教授将为大家详细讲述大数据是如何为疫情防控作出贡献的。
C语言程序设计,"赵楷,任疆红,孙晶,盛琪,曹为民,周鲁梅,楚发元,张振宇",新疆大学,1178,本课程是信息类相关专业的学科基础课，是学习程序设计的第一门课程，不仅为后续课程打下良好基础，也有助于建立良好的编程风格和习惯、培养计算思维能力和程序设计能力。
软件工程,唐云,成都理工大学,1150,在当今数字化时代，软件无处不在。各行业几乎都有软件的应用，软件工程已经摄入到生活的方方面面，广泛应用于现代工业、商业、银行、军事领域、航天航空等。软件应用，改变了人们的工作和生活，提高人们的工作效率和生活质量；通过本课程的学习，可以使学生掌握软件工程的基本原理和方法，使学生从根本上认识和了解软件工程的基本原理，深入体会、理解软件工程在软件开发当中的重要性，为学生开发软件项目奠定的一定基础，培养学生软件开发的基本技能。
贵系特奖学霸：科研小白入门指北,高天宇,清华大学,1145,为刚刚入学的新手研究僧或渴望学术的本科生，你也许对“科研”既陌生又憧憬。那么，科研小白究竟应该如何开启研究生涯？清华计算机系特奖获得者高天宇同学将“现身说法”，为你打开一扇绚丽的科研之门。
VR Experience and Panoramic Video Creation,冯欢,南开大学,763,"VR has begun to take industrial scale，the key is open collaboration. The purpose of this course is to let students touch and feel VR technology as early as possible, have a clear understanding of its ecological chain, technical means, development prospects, etc. And master the basic knowledge and practical operation ability of VR content production. "
计算机组织与结构,"赖晓晨,王洁,迟宗正",大连理工大学,742,本课程采用考研推荐教材，哈工大唐朔飞老师的《计算机组成原理》，并吸收了考研大纲内容及国外部分前沿知识。课程资源组织为视频、多媒体课件、课后习题、推荐阅读材料等多种形式，力争用最简洁的方式讲清每一个知识点，为学生提供优质的教学服务。 教学团队的老师将认真回复同学们的每一个问题！
喜迎清华大学109周年校庆-软件学院系列线上活动,"杜平,尉迟坚,王建民",国家发展与改革委员会,1084,喜迎清华大学109周年校庆-软件学院系列线上活动
C语言程序设计,刘进锋,宁夏大学,1043,本在线课程最大特点是没有面面俱到的讲解各个知识点，而是按照C语言程序设计的特点，精心设计了22讲，每一讲都针对该部分内容的要点和难点展开，使得学习者能在最短的时间内学习到最关键的知识。
视觉无障碍智能交互,史元春,清华大学,1218,智能人机交互的关键特征是允许用户通过符合其认知和行为能力的多模态方式与计算设备进行高效的信息交流。视障用户缺失了目前人机交互主要的视觉通道，简单读屏的无障碍辅助技术存在着学习成本高、任务完成度低、交互效率低下等问题缺陷。本报告将介绍史元春团队最新研制的基于界面理解转换的智能交互操作系统，在提取界面图像和文本交互语义的基础上，通过信道互补，让视障用户通过触摸、手势和语言等适合其输入能力的方式操控终端应用，填补主流图形用户界面和视障用户间的信息鸿沟，已为视障人士实现多种视觉无障碍智能交互应用。
工业互联网大讲堂,"田野,严鹏飞",中国工业互联网研究院,1117,“工联讲堂”是中国工业互联网研究院打造的在线培训课程，旨在充分利用互联网灵活、快速、实时的属性，分享专家及企业权威的知识理论、技术创新和应用案例等。疫情期间，“工联讲堂”将免费向社会提供关于工业互联网领域的培训课程。
清华大数据应用实践：快速搭建基于数据的应用,刘英博,清华大学,4981,本讲座首先简要介绍清华大学大数据研究中心，大数据系统软件国家工程实验室的建设背景，建设思路以及目前正在研发的“清华数为大数据软件栈”。在此基础上，讲座将重点围绕大数据软件栈中的项目之一：清华数为系统集成框架（DataWay Framework，DWF）展开介绍，包括功能演示和一些具体应用案例。最后，通过分享一些实践过程中的体会，为用好大数据技术提供参考。
计算机图形学,孙劲光,辽宁工程技术大学,1102,    广告指引你消费     游戏带动你娱乐     虚拟现实太缥缈     增强现实很疯狂     学懂弄通图形学     信手拈来随你意
程序设计基础（C语言）,尹乾,北京师范大学,738,孚尹旁达 朝乾夕惕  认真严谨有耐心，深入浅出有条理，谈吐清晰逻辑强，重点突出内容丰， 讲解顺畅和自然，通俗易懂不罗嗦，知识全面有方法，能力突出特点明
Linux系统应用基础,孙清闻,大连东软信息学院,714,掌握新时代的操作系统，助力你成为IT精英！大数据、云计算、物联网、嵌入式开发、移动应用开发，都靠它！
不确定性时代的计算传播学研究,"王成军,张伦,许小可",南京大学,732,几千年来困扰人类生存的战争、疾病和饥饿问题在过去几十年里被基本解决，大数据、人工智能等技术进步使得人类社会的发展进入到了一个前所未有的阶段。新型冠状病毒肺炎疫情在全世界的传播使得这种由技术进步和全球化等因素所带来的确定性再一次蒙上阴影。似乎人类社会似乎重新进入了一个由病毒所带来的充满不确定性的阶段。计算社会科学的发展和对社会科学的反思有利于帮助人们更好的理解现在的困境和问题。本次线上讲座将从宏观到微观，反思计算社会科学的知识贡献、计算传播学范式对传播效果研究带来的机遇与挑战、以及利用计算传播学方法探究基于新冠肺炎的传播学研究。
数据库原理,"杨俊杰,刘忠艳,张玮,石艳",岭南师范学院,910,数据库原理课程以开发数据库应用系统的基本原理和使用方法作为主要的研究对象，本课程有助于学生掌握数据库系统的设计、管理和维护能力。
统计方法（SAS、SPSS和R统计软件应用）,周波,南京农业大学,880,研究生试验做完了，数据如何统计分析？为什么审稿人说我统计方法不对？我的试验数据用何种统计方法最有说服力？为了解决这些问题，推荐大家选修“统计方法（SAS、SPSS和R统计软件应用）“这门课程，以生物统计学为基础，介绍研究生应该掌握的统计方法，重点讲解如何利用SAS、SPSS和R统计分析软件对试验数据进行统计分析。
Compilation Principle,"刘刚,付岩,曹雪,李丽洁,高迪",哈尔滨工程大学,854,"Through the study of this course, students should have the ability to apply compilation knowledge, be able to solve problems encountered in programming design, have the programming quality of compilation skills"
WEB程序设计,"文小森,秦效宏,梁林蒙,杜永红,靳强,韩玉会,危小波",西京学院,1084,“新文科”的发展对传统电子商务提出了新的要求，学科交叉，融合、渗透发展成为了新趋势。随着电子商务的发展，各行各业通过网站宣传以及沟通渠道，成为了不可或缺的内容，而《WEB程序设计》是动态网站开发的必备技术，同时也是管理学科与计算机学科交叉融合的课程。 在近十年TIOBE排行榜中，PHP+MYSQL始终处于领先地位，本课程是电子商务和计算机科学与技术、大数据管理与工程等专业的核心基础课程，课程内容既讲解了动态网页制作的理论知识，又突出了PHP+MYSQL在生产实践中的应用，同时引入电子商务系统分析与设计及创新创业发展的新思想、新成果、新趋势。 一个完整的网站包含前台页面和后台数据库，本课程紧扣时代发展趋势，深入融汇贯通网站前台页面和后台数据库，将学习者的知识、能力、素质目标培养贯穿始终，使学习者了解WEB 编程的基本框架，并在此基础上培养学习者基本的动态网站的基本技能，课程内容以项目案例驱动的方式组织，将企业职业能力的要求融入课程设计中，课程讲解中引入课堂内容思考、课堂学习任务和课外学习任务，由浅入深，循序渐进分析并解决实际问题，突出知识的前沿性、系统性和实用性，期待您的加入！
计算机网络技术,"巩向锋,王亚晨,张楚文,万颖,郭润,张一铭,江逸敏,林耘森箫,王子逸",北京旷视科技有限公司,2922,计算机网络在各领域的应用
移动图形概论,杨延军,北京大学,587,移动图形概论是计算机图形学的入门课程，通过使用 PowerVR 处理器的 SDK，讲授移动设备的图形编程的基本概念，使学生可以在较短的时间内了解移动图形编程的基本流程。
面向对象分析与设计,张涛,西北工业大学,585,软件已经渗入了人们的生活，改变着我们的生活方式和思维方式。如何设计软件，使其不仅能满足人们当前的需要，还能适应今后发展的需要，《面向对象分析与设计》课程将会介绍一种思维方式及其相应的技能。
计算机硬件基础,崔丽群,辽宁工程技术大学,675,       想知道计算机系统中的CPU、存储器、输入和输出设备是如何相互配合完成一条指令的执行吗？无需学习汇编语言，只需要借助简单的C语言知识，本门课程将高级语言程序、汇编语言程序、机器代码及其程序执行串联起来，以此全面地了解程序运行过程中所涉及到计算机系统的硬件结构，建立一个完整的计算机层次结构框架。        通过本门课程的学习，可以理解指令在硬件上的执行过程和指令的底层硬件执行机制，增强在程序的调试、性能优化、移植和健壮性保证等方面的能力。对于非计算机类专业的人员，仅通过本课程这样一门硬件类课程的学习，就可以入门级地了解计算机的程序运行过程中所涉及的硬件工作原理和软件运行机制。
计算机系统架构的新挑战,汪东升,清华大学,752,高性能、低功耗以及智能化是计算机系统发展主要目标，而在追求这些目标和一些新特性的同时也必然会带来安全的风险。本讲座将介绍计算机系统发展历史、系统层次架构等基本知识和概念，进而科普在追求高性能和智能化目标所带来的安全风险，最后介绍本团队在2019年发现的INTEL和ARM等现代处理器存在的动态电源管理重大漏洞以及对未来安全处理器结构设计的思考。
C++编程训练营,"郑莉,李超,徐明星",学堂在线,614,立足全新的教学模式，导师+助教手把手带学，贴心班主任全程督学，解决0-1岁C++工程师不会学、学不会的问题。
深度迁移学习在NLP当中的应用和实践,苏海波,学堂在线,837,百分点在NLP领域服务了数百家政府和企业级客户。目前，深度迁移学习已经在NLP很多场景中得到了广泛的应用。
Database Technology and Programming,"高裴裴,李敏,袁晓洁,赵远红,康介恢",南开大学,812,"This course aims to help you to learn database programming from the beginning, and learn how to use the Knowledge Point Puzzle (KPP) method to improve the database developing skills. "
Fundamentals of C Programming,"汪芳,张秀伟,周果清,刘君瑞,魏英,姜学锋",西北工业大学,796,"Information science and technology are continuously changing our world. Programming is one of the most important skills and tools in information technology. It is a bridge to connect information and computers. Mastering and skillfully using a programming language have become a necessary skill for all college students. C is the pioneer of advanced programming languages and still one of the most important and popular languages. Are you a novice programmer？Are you interested in C, Please join our course."
机器人的主动感知与行为学习,孙富春,清华大学,704,人工智能的发展正从深度监督学习主导的场景智能逐步向深度强化学习主导的行为智能发展。行为智能除强调模拟人脑信息感知处理层面外，更加强调脑体协同，解决机器人作业中行为的动态性、交互性与适应性等问题。主动感知是指机器人如何规划和控制自身行为使其更好地感知，而行为学习则是机器人如何利用感知增强自身的行为控制，由此形成感知到行为，又从行为增强感知的闭环，实现真正的脑体协同。本报告将围绕机器人完成灵巧操作任务，介绍了机器人的智能感知技术，提出了传感器测量主动、感知模式主动和认知主动的新型机器人主动感知构架与理论方法。在此基础上，给出不完美信息环境下基于行为观测的机器人行为模仿和增强学习方法。最后，展望了机器人主动感知与行为学习的未来发展。
前端与后台的故事——SQL语言及其编程,"占跃华,石晓芬,李博文,章雯,孔梦楠",九江职业技术学院,566,小数据蕴藏着大智慧。课程通过讲述前端与后台的故事，为您解密SQL语言及其编程技术—软件开发必备的关系数据库SQL语言核心知识。
2020年中国科技峰会系列活动青年科学家沙龙,,,966,2020年中国科技峰会系列活动青年科学家沙龙：人工智能学术生态与产业创新
智能运维,"汤汝鸣,孟伟彬,苏亚,刘平",清华大学,765,随着互联网应用的爆炸式增长，服务运行态的运维监控大数据变得海量、复杂、异构、高速。以往基于人力或脚本的运维方法不再适用，通常情况 下，运维人员通过对系统进行监控，结合监控指标与定制规则来进行故障发现 与进一步的诊断，服务间复杂的交互关系可以组合出 大量的动态变化的运行状态，这导致运维人员无法制定通用的检测规则。本场四个报告的目标是能尽快检测故障或故障 隐患并修复以避免宏观业务指标受影响;同时，对于检测到的宏观业务指标异常，通过检测相关的网络服务攻击、服务轨迹异常、机器异常实现快速定位故障根源并及时修复、止损。
量子计算离我们还远吗？,"应明生,孙晓明,马雄峰,段润尧",清华大学,789,身处于量子浪潮之中，我们不禁产生许多疑问：量子和量子计算有什么关系？在摩尔定律逐渐失效的今天，我们该怎样看待量子计算的发展？我们何时可以用上量子计算机？量子计算落地的时间路线图如何？本期内容，我们邀请到国内四位量子计算领域的大咖为大家带来一场精彩的思辨，通过对该领域人才培养、硬件设计、软件开发、与人工智能相关的算法应用等大家关注的热点问题，以不同观点的碰撞，启发大家对量子计算新的认识！
Introduction to Artificial Intelligence,"王刚,李妍,康介恢,王恺",南开大学,517,"The importance of Artificial Intelligence and Machine Learning has been increasing as a growing number of companies are using these technologies to improve their products and services, evaluate their business models, and enhance their decision-making process. If you are interested in AI, if you want to understand AI, and if you want to know how to use AI algorithms to solve problems, join us!"
区块链和加密数字货币（随报随学认证班）,罗玫,清华大学,516,随报随学，长期开课区块链认证班课程助你抓住数字经济时代机遇，学习区块链和数字货币的精髓。本门课程从简单通俗的语言、商业的逻辑、国际化的高度带你走进区块链和数字货币的世界。获取更多学习内容及服务欢迎关注认证班课程
HTML5 Mobile Front-end Development Foundation,"刘小华,曾建华",深圳职业技术学院,614,Take the first step towards a Web front-end development engineer.
网络爬虫,"张耸,张丹,张莹",咸阳职业技术学院,606,以简单生动的方式，更为全面的是学生了解网络爬虫的基本原理。
毕业季博硕论坛,"刘知远,潘欣,丁小可,梁鼎,张国鑫,张凯,叶明江,林会杰,曹曦,涂存超,杨植麟,庞海天,武彬",清华大学,486,毕业季博硕论坛
清华大学之“贵系”万花筒,"刘潇,杨宗瀚,李晓涵,吴之璟,陈晟祺,高天宇",清华大学,802,AI Time：清华贵系万花筒
AI肖像画大师：生成对抗网络驱动的多风格艺术肖像画创作,刘永进,清华大学,575,人工智能已经在具有确定性规则的博弈活动中（比如下围棋）取得了突破性的进展。但在视觉艺术表达这类具有较强主观性、抽象性和规则模糊不确定性的领域，仍然面临诸多挑战。此次报告介绍一类人脸照片艺术肖像风格化的AI算法。肖像画是一种独特的艺术形式，通常使用一组稀疏的连续图形元素如线条来捕捉一个人的外表特征。基于生成对抗网络，我们针对艺术肖像画的特点设计了层次化的网络结构和针对线条的距离变换损失，从而将人脸照片转化为高质量的线条清晰的艺术肖像画。通过使用不成对的数据，可以进一步提高肖像画的生成质量和模型的泛化能力。相关研究工作发表PAMI论文1篇（2020），CVPR论文3篇（2018，2019，2020）。开发的微信小程序《AI肖像画大师》，在两周时间内，程序访问量近40万人次，用户覆盖全国所有省份直辖市（包括港澳台）。
MySQL Database Programming,"付湘琼,赵晓侠,杜文方,郝熙,刘领兵,潘晟旻,郑发鸿,寇卫利,李菊芳,张春红,张俊,张霖,马晓静",昆明理工大学,787,"Data, once flowed like a creek from the punched paper tape.It is now like a surging river in a relational database.And a vast ocean in the era of big data…The fast-developing database technology, together with the development of information technology, is pushing human civilization into an era of data.With database technology, data are transformed into information, knowledge, wisdom, and ultimately create benefits.Database technology is full of vitality and innovative spirit."
复杂场景下的知识获取,韩旭,清华大学,556,引入结构化的知识是目前辅助自然语言处理任务的重要方法之一。如何准确地从自由文本中获取结构化信息在近几年取得了广泛关注。在这次报告中，讲者将梳理各类复杂文本场景下知识获取的研究进展与典型问题，以及介绍相应的可用于下游任务的基础工程资源。
程序设计,李自力,西南财经大学,544,财经大学的同学要不要学程序设计？当然要学！今天科学管理和决策需要用数据说话。数据处理和分析的终极能力是什么？是程序设计能力。本课程是一个专门为财经大学的同学，或综合性大学的经济管理类专业的同学开设的一门学习程序设计的公共课程。如果你是一个经管类专业的学生，不要犹豫，让我们一起进入这个奇妙的程序设计学习之旅。
数字逻辑,刘军,合肥工业大学,510,计算机、软件及信息类专业的核心基础课程。
深度学习在推荐系统中的应用与发展,王喆,清华大学,788,自2016年微软提出Deep Crossing，Google提出Wide&Deep模型以来，深度学习在推荐系统领域取得了长足的发展， 注意力机制、序列模型、Graph Embedding等前沿的深度学习学术创新均在推荐系统领域大获成功，可以说时至今日，深度学习已经成为了驱动各互联网巨头推荐、广告业务的最强引擎。 希望这次报告能带你走进一线互联网公司的深度学习应用，并为有志于成为算法工程师的同学分享一些有益的职业发展经验。  报告大纲 1、深度学习推荐模型的演化体系 2、阿里巴巴推荐模型的发展过程 3、深度学习在推荐系统领域的研究热点 4、Netflix的推荐系统技术架构 5、算法工程师的职业发展道路
2020KDD顶会论文分享,"任慧敏,李昂,晋嘉睿,窦英通,高峻逸,林禹臣,马辰",美国伍斯特理工学院,1697,2020KDD顶会论文分享
推荐系统中的用户理解：偏好、意图、行为与满意度,张敏,清华大学,502,个性化推荐已经成为人们日常生活中不可或缺的服务，人们对个性化推荐的精准性、智能性等的要求也越来越高。用户理解是影响个性化推荐的关键因素之一，直接决定着系统的推荐方向和目标，进而影响推荐的效果。在这个报告中，我将会介绍清华大学THUIR课题组在个性化推荐中针对用户理解工作的一系列新进展，包括用户偏好、意图的理解与建模，以及对用户行为的分析和满意度评价。在报告的最后，还将对个性化推荐的挑战和发展趋势进行简要讨论。
南开大学信息安全微专业发布会,,,643,南开大学信息安全微专业发布会
网络安全博弈之路,张超,清华大学,831,信息化和智能化的发展，为人类社会带来了巨大变革，同时也引入了安全与隐私问题，对个人、企业及国家都造成了重大影响。网络空间成为陆海空天之后的第五空间，面临着日益严峻的安全威胁。本报告将介绍网络安全轶事和黑客文化，简要科普网络安全博弈的原理，进而介绍网络安全博弈的部分研究进展和发展趋势。
2020年公派出国留学政策及项目,国家留学基金委,清华大学,414,国家留学基金委出国留学选培部杨祥义副主任介绍2020年公派出国留学政策及项目，为同学们解答留学政策、资金等问题。
基于数据驱动的网络技术应用,"姜泽勋,焦立博,董加卿",清华大学,555,近年来，随着互联网技术的飞速发展，各种各样的网络数据大量积累。如何高效利用大量的网络数据来提升网络性能和安全服务是当前亟待解决的难题。本场三个报告将在以下数据驱动的网络场景展开研究：基于移动应用数据信息来提升应用体验，基于网络视频数据信息提升系统性能，基于网络流量信息提升网络安全性能。
知识图谱推理问答综述,史佳欣,清华大学,1140,近年来，知识图谱问答任务取得较大进展，但当问题变得复杂，涉及多个实体的比较和推理时，机器尚不能很好地解答。如何让机器像人类一样学会推理，从而处理复杂问题，是当前的一个研究热点和难点。在这次报告中，作者将对知识图谱推理问答的主流方法进行介绍，分析各种方法的优缺点，并对未来发展方向做出展望。
法律智能,钟皓曦,清华大学,530,法律智能关注于如何使用人工智能技术尤其是自然语言处理的技术来解决法律问题。依赖于法律领域大规模的文本数据，近些年来已经有不少研究者开始尝试使用最新的技术来解决法律智能里面现存的问题。在本次报告中，讲者将介绍法律智能的发展情况，包括过去的工作、现今的进展以及未来可能的发展方向。讲者将会从自动判决、类案匹配、法律问答等角度出发，去探讨法律智能与自然语言处理的联系。
用新数学做数据库,蒋步星,润乾软件,591,数据库是IT领域重要的核心技术，也是近年来非常热门的基础软件。当前业界主流的数据库仍是关系数据库。然而，在今天面对更高要求的处理复杂度和数据量时，关系数据库并没有那么得心应手了。请听蒋步星为你讲解这背后的原因。从分析数据库软件的根本目的开始，用通俗的语言和浅显的例子解释数学理论对于数据库的重要性，并展望新数学为新一代数据库技术带来的巨大优势，给你一个看待数据库技术的全新视角。
快手商业用户体验Insight,高小平,清华大学,488,广告相关算法，回答快手如何在商业化的过程中平衡用户体验， 如何在对用户体验产生最小的影响的前提下最大化商业收入的。
自然语言处理训练营,刘知远,学堂在线,478,【争优秀 免费学】自然语言处理由清华刘知远老师主讲，涵盖NLP经典与前沿内容，特别设计6大实训，硕博助教守护你的学习，还有免安装云实验室助你任性跑模型！
数据到决策的框架：三个机器学习任务、三次结构转换,蒋朦,美国圣母大学,463,“以数据促进科学研究”的问题上展示框架的具体设计，并讨论其广泛的应用意义。
用户导向的音视频体验优化,马茗,清华大学,610,短视频是近年来互联网的焦点赛道，快手短视频行业内的领头羊，一直致力于提供给用户行业内最高清、最流畅的视频播放体验；因此快手在视频编解码算法、音视频传输算法中作了大量的探索和应用，以期提升用户体验。此次分享中，将重点介绍快手如何结合用户播放时长等用户导向数据，驱动音视频体验优化的实践和思考。
疫情与5G,孙松林,北京邮电大学,377,突如其来的疫情，让我们度过了一个别样的春节。在这场灾难中，5G发挥了什么样的作用？疫情过后将对5G发展带来什么样的影响？本讲座将从火神山信息通信系统建设入手，介绍5G在疫情中的方方面面，并阐述疫情给5G带来的影响和机遇。在介绍信息通信系统建设的同时，展望5G的发展前景。
铸钢件铸造技术,"邱葭菲,陈小红,王伟春,林波,巫红燕,王瑞权",浙江机电职业技术学院,375,    工业化最基础的是铸造，铸钢是最主要的铸造材料。几乎所有的工业部门都需要铸钢件，在船舶和车辆、建筑机械、工程机械、电站设备、航空和航天设备等方面应用尤为广泛。学好铸钢技术，走遍天涯海角。 
Introduction to C++: Problem Solving Using Computational Thinking,"赵宏,郭蕴,路明晓,李妍,王刚,郭天勇,于刚,康介恢",南开大学,362,"         Allowing learners not only learn a programming language, but also build a thinking ability of using computer to solve problems in the future."
Software Engineering,张爽,东北大学,361,"Can I become a software person? YES, you can! Everyone can become a software person. So, welcome to Software Engineering! "
知识驱动：人才战略的未来,张鹏,清华大学,360,借助异构数据融合、行业知识图谱、知识挖掘等技术；基于领域权威度、学科贡献度等数据对专家进行高清晰度画像；全面评估专家学者；智能分析岗位需求；快速发展、匹配高端人才；精准匹配，降低成本，提高效率变得触手可及。让我们跟随清华大学张鹏老师，一起探索引入高端人才的相关需求和落地应用！
“神威·太湖之光”超级计算机优化方法与应用简介,甘霖,清华大学,344,“神威·太湖之光”超级计算机优化方法与应用简介
当微信邂逅NLP基础研究,李鹏,清华大学,484,微信作为一个生活方式，正潜移默化的影响着数以亿计人生活的方方面面。对于这样一款超级APP，NLP技术对它有多大的影响？微信AI对于NLP技术是如何布局的？我的研究在微信中有用武之地吗？本报告将为你答疑解惑，让我们一起了解微信中的NLP。
走向以人为本的人工智能：利用人工智能提高人类决策能力,谭宸浩,科罗拉多大学波尔得分校,342,语言在人类活动(包括政策应用)中起着核心作用。例如，如果人工智能系统能够理解每天产生的数百万份医疗记录，它们就能在总体上提高医疗诊断和医疗保健水平。为了增强人工智能的人类决策能力，人类决策者需要适当地理解和使用人工智能的建议。这次演讲将介绍我们最近在开发将人工智能纳入人类决策的最佳实践方面所做的努力，并使用欺骗性的评审检测作为试验平台。我们的结果证明了人的表现和人的代理之间的权衡，并表明机器预测的解释可以缓和这种权衡。然后，我将提出一个最近的方法，生成各种反事实的例子，以帮助决策者理解人工智能系统的决策边界。
机器学习训练营第5期,张敏,学堂在线,457,清华张敏老师带你12周深入机器学习！8大经典算法 +7大实训 + 直播点评 + 博士助教+云实验室，别错过限时特惠，价格将逐渐恢复原价！
Java语言与面向对象程序设计,"王素琴,周长玉,彭文,林碧英",华北电力大学,358,课程系统介绍了Java语法知识、面向对象程序设计的基本思想和方法、图形用户界面设计、输入/输出流、数据库应用开发、多线程编程以及网络程序设计等内容。
AI for Academic Search （人工智能助力学术搜索）,"唐杰,周园春,李涓子,刘筱敏 ,刘雪峰,杜一,张鹏",清华大学,639,AI for Academic Search （人工智能助力学术搜索）
算法支撑的赛博智能经济,徐恪,清华大学,340,互联网已经和经济系统深度融合形成了新的“赛博智能经济系统”，从信息的角度出发，赛博智能经济是信息增长更快的经济，而信息有序与快速增长的核心原因是算法，本报告将分析赛博智能经济与计算思维的密切联系，进而通过广告推荐，共享出行，移动补贴市场等多个案例分析给出算法在赛博智能经济中的重要作用。
Code+程序设计大赛颁奖典礼,,,334,Code+程序设计大赛颁奖典礼
人工智能基础核心技术之事件检测,仝美涵,清华大学,560,事件检测已经作为人工智能领域的一项基础核心技术，被广泛应用到事件图谱的构建以及文本摘要的生成。事件检测中优质的结构化知识信息，能够指导我们的智能模型具备更深层的事物理解、更精准的任务查询以及一定程度上的逻辑推理能力，从而对海量的信息分析起到至关重要的作用。在这次报告中，讲者将梳理事件检测任务发展的脉络，并讲解在如何利用模态的互补性以及外部的资源提升事件检测任务的效果，以及对未来发展方向作出展望。
邓公漫谈数据结构-「疾风计划」导师专属直播,邓俊辉,清华大学,3155,「疾风计划」导师专属直播，添加学堂贝贝（xuetangx02）可领直播回放地址及邓公独家学习资料
低时延网络挑战赛：从5G和边缘计算到互联网,崔勇,清华大学,370,视频会议、虚拟现实VR和云游戏乃至工业互联网等新型应用业务层出不穷，对网络传输的时延越来越敏感。本报告从新型业务时延需求着手，以5G和边缘计算的低时延特色为切入，分析VR等主流应用业务降低时延的思路，尝试设计互联网新协议来降低网络时延，最后分享目前正在进行的低时延网络挑战赛，欢迎大家来参赛并一同探索低时延的奥秘。
AI TIME CVPR 专场四,,,1467,AI TIME CVPR 专场四
新冠疫情地图可视化的技术实践,殷达,清华大学,285,如何将全球的疫情状况呈现在地图上是整个疫图项目的核心问题之一。相较于其他的一些疫情地图项目，我们在数据可视化方面从时空两个维度尽可能地做到细粒度。我们基于Mapbox的地图组件，在集成了多种数据源的疫情实时数据及历史数据后，将它们与地图上的区域进行对齐，进而在不同的层级展现。除此之外，我们的疫情地图还将各类新闻以地图标记的方式放置在疫情地图上，方便读者能够了解全世界在疫情之下各国发生的具体变化。
信息检索与推荐系统,李琳,武汉理工大学,284,信息检索和推荐系统成为帮助Web用户从海量信息中过滤无关信息的重要手段，能极大提高信息的利用率。本讲座介绍信息检索和推荐系统的前沿动态和技术，使学生结了解该领域科学研究的最新进展。
论道AI Open,,,319,论道AI Open
基于神经网络建模的信息传播预测,杨成,清华大学,331,信息传播在我们的日常生活中无处不在，例如谣言的扩散、产品的推广以及新思想和新技术的普及等等，其建模和预测已经在多个重要领域内得到了广泛的研究。近年来，很多研究者利用以循环神经网络为主的深度学习模型对信息传播过程进行建模，取得了远超传统模型的不错效果。在本次报告中，讲者将梳理基于神经网络建模的信息传播模型的相关工作，并对未来发展方向作出展望。
ICACHI 云论坛系列,"任向实,付志勇,王建民,麻晓娟,袁晓君,李维,涂华伟,黄大源,杨兴栋,付志勇（主讲老师）,Peter Scupelli,张黎",日本高知工科大学,649,本期探讨的主题是面向人类未来发展，如何重新思考人与计算机之间的关系。
教AI审合同——人工智能技术在法律领域的应用,张天扬,清华大学,404,介绍人工智能技术，特别是NLP技术，在法律领域的应用，分享交叉领域AI创业的经验。深入介绍智能合同审查的应用场景、技术原理和实现方案，交流技术落地及产品化过程中面临的挑战。
计算机视觉,鲁鹏,北京邮电大学,324,本课程旨在为学生介绍机器视觉技术的基本任务及发展现状，是学生理解和掌握机器视觉的基础理论，理解和掌握机器视觉技术的应用方法，为进一步研究打下必要基础。
为网络化系统设计智能可靠的优化算法,黄隆波,清华大学,3700,网络化系统，如计算机网络、移动通信、云计算、交通与物流运筹等，在人们生活与工作中无处不在。在本次课程中，我们将通过不同的具体场景，为大家介绍网络化系统算法设计的一些方法与挑战。
浅谈面试中的算法题,"杨耀良,谢兴宇",清华大学,436,随着暑期的到来，可能有部分同学想去企业实习，面对各种各样的面试题，你做好准备了吗？本次直播将就 kickstart，leetcode以及整理出来的面试题目，和大家聊聊面试中的算法题。
高性能计算,,,1225,高性能计算
C语言程序设计,曹芝兰,湖北大学,262,C语言被称为常青树语言，通过本课程的学习，你可以了解程序的设计以及运行过程，建立程序设计理念，在程序设计中培养计算思维；也可以根据自己的需要设计专用软件。
AI TIME PHD - AAAI 专场二,,,1648,AI TIME PHD - AAAI 专场二
知识疫图——AI+大数据在新冠肺炎知识智能服务中的应用,张鹏,智谱·AI,284,针对新冠肺炎疫情，清华大学AMiner团队联合多个研究团队和机构在其科技大数据挖掘服务平台基础上研发上线“知识疫图”系统，内容包括新冠肺炎开放数据集、疫情智能驾驶舱、高关注度专家学者分析、新冠肺炎学术成果时间线、新冠肺炎惠民惠企政策地图，以及新冠肺炎期间用户在线社交行为研究等，以期从繁杂的信息中客观地梳理出疫情发展脉络，用AI让大众更全面深入的知道新冠疫情深度知识。
基于图神经网络的事实验证,周界,清华大学,316,事实验证任务要求相关系统能够从大规模的文本知识库中抽取相关的证据（Evidence）并根据这些证据对给定的声明（Claim）给出事实性的判断。在本次报告中，讲者将介绍如何将图神经网络应用到事实验证任务中。具体来说，讲者将介绍两篇相关工作，它们从句子级别和词级别使用图神经网络更好地建模证据和声明之间的关系，从而提升任务的效果。
The 2nd TBSI Workshop on Learning Theory,,,282,The 2nd TBSI Workshop on Learning Theory 
国际超算赛事称霸指南,"何家傲,陈晟祺",清华大学,305,清华大学学生超算团队在2015年和2018年两次实现国际超算赛事“大满贯”。本次直播将分享超级计算相关的技术知识，超算比赛的规则和典型内，以及清华大学学生超算团队的夺冠经历。
Data Structures and Algorithms,"王曙燕,王燕,王春梅,王小银,陈燕,舒新峰,曾艳",西安邮电大学,303,"Data structures and algorithms is intended primarily for use in undergraduate or graduate courses.This course is designed to be both versatile and complete. The student will encounter unfamiliar or difficult algorithms. The professional will solve other engineering issues trough most of the practical content. Through the study of this course, the learners will improve the ability of data abstraction and innovation practice, and for other software and hardware development work to lay a good foundation."
EMNLP2020专场分享,"李健铨,关健,朱子宁",天津大学,2826, EMNLP2020专场分享
争相步入「情感计算」时代，你上车了吗？,"陶建华,贾珈,金琴,宋睿华",中国科学院,363,现在人工智能在不断进步，情感计算的使命是赋予其情感和温度，这是一个有趣且具有挑战的问题。网络评论、博客、微博、社交媒体的文本中，蕴含大量的情感和情绪，情感计算的任务是利用计算的方法对这些情感、情绪进行挖掘。情感计算不仅是自然语言处理领域的一个研究方向，也是计算机科学、管理科学和社会科学的交叉融合。  那么，情感计算的研究都有哪些挑战？情感真的可以人造、可以“计算”吗？行为和情感数据的收集会带来隐私泄露等安全隐患吗？识破人类情感秘密后，机器会借此“操控”人类吗？情绪失控的机器会对人类施加言语和肢体暴力吗？多模态情感分析如何突破难点、走向创新？今天的直播，我们将共话情感计算技术前沿、破解机器“读心”奥秘！
AI TIME 走进厦门大学,,,2751,AI TIME 走进厦门大学
AI是否可以引领传染病诊疗的新范式？,,,1385,AI是否可以引领传染病诊疗的新范式？
算法训练营,邓俊辉,清华大学,273,“算法训练营（21暑期班）”是学堂在线联合清华大学计算机系邓俊辉教授及其教学团队共同研发的、针对算法学习而设计的课程。课程面向对算法感兴趣、需要学习和加强算法能力的学习者，包括但不限于IT从业者/大学生/中小学生。课程希望提升学习者的学习效果，采用高强度“训练营”模式，通过专业的课程设计和科学的学习过程管控，希望帮助解决学员在算法学习中遇到的困难，并为通过学员提供能力认证证书。
Introduction to Artificial Intelligence,莫宏伟,哈尔滨工程大学,272,"    Artificial intelligence not only relates to so many high technologies, but also is applied different field such as military, industry, e-market, internet and so on. This course involves not only technologies including  intelligence robotics, brain-computer interface, face recognition and so on, but philosophy thinking,such as what is the relation among  mind,intelligence and body? So it will inspire you to think a lot of interesting problems related to human beings and society development."
滴滴语音技术,滴滴-科技生态与发展部,滴滴,289,①滴滴语音简介 ②ICASSP论文解读 | 整合频谱和空间信息的鲁棒波束形成技术 ③ICASSP论文解读 | 基于图卷积编码器的摘要生成方法
“数据赋能”推动产业转型升级,"王建民,刘江川,顾维玺,田春华,王轶捷",清华大学,325,2020年5月30日是第四个“全国科技工作者日”，中国科协科学技术传播中心联合清华大学软件学院、大数据系统软件国家工程实验室及清华校友三创大赛等，拟于5月29日上午围绕“数据赋能”如何推动产业转型升级主题，开展线上“产业数字化转型发展论坛”，发动学术界和业界的清华校友等广大科技工作者，分享清华大学及校友在工业数字化转型升级方面的核心技术，详解不同行业和领域内工业互联网与工业大数据助力产业转型、服务经济发展的实际案例，激发广大科技工作者将AI、大数据、物联网等新技术与传统产业应用场景密切结合，深入理解产业需求，服务产业数字化转型升级。
AI TIME PHD - AAAI 专场四,,,1278,AI TIME PHD - AAAI 专场四
深度学习框架的移动端优化,"曾平,杨滔",北京旷视科技有限公司,366,本次讲座将为你剖析深度学习框架，旷视天元的特性，以及如何利用开源框架学习人工智能技术。
Computer Fundamentals: Problem Solving Using Computational Think,"李敏,高裴裴,郭蕴,蔡庆琼,宋丽培",南开大学,294,"With the development of artificial intelligence, Internet of Things and blockchain, an era of intelligence arrived. It has become an essential skill for college students that having the ability to utilize computer in analyzing and solving real-world problems. From this course, you could not only obtain knowledge of computer, but also get the capability and awareness of using computer techniques in solving problems. Join us right now and let’s solve problems with computational thinking skills together!"
信息对抗技术专业方向设计,印茂伟,西南科技大学,292,《信息对抗技术专业方向设计》课程作为本专业一流综合实训课程群建设中的核心课程，经过六年的建设，在教学模式、教学方法、教学手段等方面改革与实践收效颇丰，先导学习课程为《电子信息技术综合技能训练》。http://www.icourse163.org/course/SWUST-1449491163。
对话系统：过去、现在和未来,黄民烈,清华大学,240,自1966年MIT的Eliza对话系统问世以来，对话系统的研究已经历50多年。近年来，基于深度学习的自然语言处理技术极大地推动了对话系统研究和应用的进展，微软小冰、各种智能音箱的成功更是吸引了许多关注。本报告中，讲者将结合自己的研究思考，探索对话系统的过去历史，现在状态，和未来趋势。
Java Object Oriented Programming,单博炜,长安大学,239,"As the world most popular programming language, Java can be used to implement many kinds of software from websites, business applications to smart phone apps. Once grasping Java, every student will have a powerful tool to be an excellent software engineer. Welcome to this class, and welcome to experience the exciting journey of Java language. We hope you could learn more about Java in this course. "
深度学习训练营,胡晓林,学堂在线,230,《深度学习》训练营是由清华大学副教授胡晓林老师主讲，理论实践紧密结合的教学产品。《深度学习》训练营内容覆盖了深度学习主流算法，如DNN、RNN、CNN、LSTM；项目专门设计了6大实战案例，涉及医疗、出行、自然语言处理等多个应用领域！
面向移动与边缘设备的人工智能系统,徐梦炜,北京大学,308,以深度学习为代表的的机器学习技术已经掀起了新一代人工智能的浪潮。系统研究作为上层算法应用与下层硬件结构之间的桥梁，在其中扮演了关键的角色。已有的系统研究主要从云计算和数据中心的角度出发，代表性工作是分布式深度学习训练系统的构建与优化。然而，随着终端深度学习应用的蓬勃发展、用户对隐私的日益重视以及5G时代的到来，越来越多的模型需要在移动和终端设备上进行运算，而不是通过计算卸载的方式在云端进行，这就为系统研究带来了新的挑战和机遇：如何在硬件资源受限的终端设备上运行复杂的人工智能应用？在本次分享中，徐梦炜将介绍其在这一领域的一系列研究尝试。
计算机基础及应用,"张玉成,王天鑫,叶红军,刘影.,左银波,郭 博",西京学院,268,随着科学技术与信息技术的深度融合，计算机已经渗透到人类生活的方方面面，计算机知识已经成为新世纪人人都需要掌握的一种文化，了解和掌握计算机基础及应用的相关知识，一定会给你未来的学习、工作、生活带来无限的便利。
人工智能,"杨鸿武,鲁小勇,郭威彤,何艳珊,王莉莉,徐亚萍,卜小龙",西北师范大学,205,       在人工智能技术迅猛发展的背景下，着力搭建“人工智能+教育”课程将成为应“人工智能助推教师队伍建设行动”实践需要的一种趋势，开发面向师范类学科这一未来教师群体的人工智能基础教育课程更是尤为迫切。        随着各国政府纷纷出台人工智能相关政策和国家战略，在未来，人工智能不再是专业知识，而是通识知识和必备知识。面向人文社会学科，如何开发一门能听懂、跨学科、有广度的人工智能课程，促使其了解、掌握人工智能基本方法和培养人工智能工程素养，可为今后跨学科、转学科深造打下基础。 
清华大学计算机系1996级创新创业论坛,,,220,清华大学计算机系1996级创新创业论坛
时空大数据分析和挖掘实战,袁海涛,学堂在线,204,本课程内容围绕滴滴等打车平台产生的网约车订单轨迹数据，对数据进行分析挖掘，以实例讲解滴滴等打车平台如何给用户和司机匹配订单，以及各类地图导航软件如何预测出行时间。
联邦智能和基于隐私保护的分布式机器学习,"蔡超超,王昊昱",数牍科技,354,近年来，包括联邦学习在内的Privacy-Preserving Machine Learning和密码学的综合应用，在学术和工业界受到越来越多关注。随着技术突破，数据协作的需求会越来越基础和普遍；交叉数据集挖掘的潜力释放，对于AI的发展有重要意义。数牍科技率先实现了工业场景的落地应用，在原始数据不出库的前提下，将加密实时在线计算降低到 20ms 并应用于实时计算场景，实现多个高难度的复杂模型训练。本次讲座邀请到数牍科技CTO蔡超超和高级软件工程师王昊昱分享前线的应用突破和工程经验，主题分别为基于隐私保护的分布式机器学习、OT（Obvious Transfer)技术的演进及在PSI(Private Set Intersection)当中的应用。
解密旷视抗疫情AI体温产品——明骥,胡晨,清华大学,199,胡晨同学将向大家讲述明骥从家中demo到产品落地的全过程，并解密其测温的技术方案，分享企业一线战“疫”成果和故事；使得同学们可以对企业文化和精神有更加深入的了解，更加深刻地体会职业发展与国家需求之间的关系，树立良好的职业观念！
java程序设计,"张青青,宁莉莉,师哲,侯莹",咸阳职业技术学院,197,      本课程主要侧重于面向对象程序设计和简单程序设计实践能力的培养，为后续的Java编程系列课程打下坚实的基础。通过本课程的学习使学生建立面向对象编程的基本思想，培养学生应用所学Java基础知识，能动手开发一些Java应用程序和一个小型的Java项目。
融合知识的预训练语言模型,张正彦,清华大学,195,预训练语言模型是近年来自然语言处理领域的热门话题，以BERT为代表的预训练模型在下游任务上取得了很好的效果。在本次报告中，讲者将梳理融合知识的预训练语言模型的研究进展与典型问题，并对于预训练模型学到了哪些知识、又需要哪些知识进行讨论。
机器阅读理解：算法与实践,朱晨光,微软,386,本期讲座介绍自然语言处理中的前沿课题：机器阅读理解（Machine Reading Comprehension）。机器阅读理解在快速处理大量文本及理解语义方面有着重要作用。随着深度学习的发展，机器阅读理解研究有了长足的进步，广泛应用在智能客服、智能教育等领域。本讲座内容包括机器阅读理解的任务介绍、常用模型架构、工业界应用落地和面临的挑战。
Embedded Software Design,"赖晓晨,刘辉,申建建",大连理工大学,226,"Embedded software design is a major course of computer, software engineering and other subjects. It is an important course with strong practicality and technicality. The main task of this course is to comprehensively introduce the thoughts and methods of GNU C programming language based on ARM/Embedded Linux operating system. Through the study of this course, students can master the basic process and method of embedded software design."
网络测量与管理,"周禹,郑智隆,王海博",清华大学,447,近年来，随着互联网技术飞速发展，网络流量快速增长，多种新型网络服务场景涌现，正改变着传统网络流量模型。因此，在各种场景下如何高效、敏捷地测量与管理网络，保证网络可靠性、性能、服务质量等，已成为亟待解决的问题。本场三个报告围绕无线网络、虚拟化网络功能、可编程网络等场景的测量与管理展开研究，用于解决网络服务实际商用部署时的难点和问题。
非易失内存在分布式存储领域的应用,张凯,清华大学,268,非易失内存在存储系统中的应用一直是学术界和工业界关注的焦点。2019 年，Intel 发布了第一款非易失内存产品，Intel Optane DC Persistent Memory Module，立刻受到了各界的关注。在本次分享中，我们将向大家介绍 SmartX 在将非易失内存应用到分布式存储系统过程中积累的经验和思考。 分享内容大纲：1.背景介绍；2. 非易失内存的特点和使用方式； 3. 非易失内存在分布式存储中的应用；
商汤泰坦公开课模型量化专题,"余锋伟,龚睿昊",商汤科技,215,随着深度学习的发展，神经网络被广泛应用于各种领域，模型性能的提高同时也引入了巨大的参数量和计算量。模型量化是一种将浮点计算转成低比特定点计算的技术，可以有效的降低模型计算强度、参数大小和内存消耗，但往往带来巨大的精度损失。尤其是在极低比特(<4bit)、二值网络(1bit)、甚至将梯度进行量化时，带来的精度挑战更大。  本次课程将由商汤研究院--链接与编译团队的两位研究员分享团队在模型量化方面的的一系列研究工作，其中包含CVPR  2020、ICCV 2019等多篇与北航刘祥龙老师合作的论文成果： 1、如何训练极低比特(<4bit)的网络 2、如何训练高效的二值化网络 3、如何用量化技术来加速模型训练 4、模型量化在实际场景的落地 5、模型量化与网络结构搜索结合
如何学好计算机组成原理课程-「疾风计划」导师专属直播【一年挑战计算机专业】,纪禄平,学堂在线,1394,「疾风计划」导师专属直播，加学堂贝贝（xuetangx02）可申请独家回放地址
Brain Science and Advanced Imaging Techniques,张明,西安交通大学,190,"Explorating brain science from a new insights, Advanced imaging techniques guide clinical practice."
复杂场景下的机器阅读理解,林衍凯,清华大学,191,本次报告将介绍机器阅读理解中三个关键挑战：（1）如何进行多步推理？（2）如何进行数值推理；（3）如何回答开放域问题。
初探图神经网络在分子成药性估计中的应用,裘捷中,清华大学,176,在本次talk中，我们将探索图神经网络（Graph Neural Networks）在分子图（Molecular Graph）建模中的应用。具体来说，我们将介绍我们开源的一个全新的分子数据库（alchemy.tencent.com）用以评估图神经网络的性能，并讨论这样的数据库和图神经网络算法如何帮助药物设计。
疫情影响下求职的挑战与机遇,张杰,学堂在线,271,疫情影响下求职的挑战与机遇
表示学习的利与弊,赵晗,伊利诺伊大学香槟分校,170,监督学习在近年来的成功很大程度上依赖于丰富无偏的数据，但是标注数据的获得往往十分费时及昂贵。另一方面，不变表示学习在近期获得了长足的进展，并且在领域迁移以及算法公平性方面有丰富的应用。但是，在理论上并不是很清楚为了获得通用的表示，我们需要在算法的效用方面付出什么样的代价。在这个讲座中，我会讨论自己最近关于理解不变表示学习的一系列工作。 在讲座的第一部分，通过刻画一个不变性与效用之间的基本权衡，我会主要将讨论集中在理解不变表示学习的弊端。特别地，我会使用领域迁移作为一个例子同时从理论和实际的角度来说明不变性给缩小泛化误差带来的障碍。这个结果同时也蕴含了在分类问题和回归问题中，算法公平性以及算法效用之间的本质矛盾。在讲座的第二部分，我会将重点集中在讨论如何通过表示学习设计更好的学习算法，以此来达到利用表示学习来规避上述矛盾的目的。我会展示为什么这些算法可以用来保证来自不同群组的人们获得公平的对待，我同时也会讨论我们需要什么样的额外结构来保证有效的领域迁移。
新冠疫情中新闻学术数据的获取及分析应用,杜冀中,智谱·AI,167,通过对疫情相关事件和学术论文等信息的收集、整理及分析，来展示疫情的发展变化。首先我们分别从论文、新闻、人工整理的学术事件三个方向入手整理数据源，获取疫情相关数据，依托AMiner平台我们很快收集了论文和学术信息，新闻我们是采集新华网等高质量的新闻媒体平台获得。同时我们接入了同事们构建的疫情知识图谱对所有事件做实体识别，分析出事件之间的关系，并对事件及热门实体关系等数据进行可视化展示。我们将数据采集、去重、分类、实体链接等流程都做了自动化以实现时间线的实时更新。
计算机软件技术,"张鹏,许欣然,李凌劼,马明华,吕鑫,刘凯鑫",快手,886,计算机软件技术
利用轨迹数据自动校准道路交叉口拓扑信息,刘国平,学堂在线,141,1.	交叉口拓扑校准的挑战与难点 2.	三阶段拓扑校准框架CITT介绍 3.	实验效果与展望
大规模在线教育中的知识智能,于济凡,清华大学,197,大规模开放在线课程，又称慕课（英语：Massive Open Online Course/MOOC)， 是一种针对于大众人群的在线课堂。它通过开放教育资源，已经服务了全球超过1亿人次的网络学习者。 除了吸引经济学，教育学、心理学相关的研究，MOOC这种大规模的交互式的知识分享平台更在近年来受到人工智能领域的关注，成为探索“AI+教育”应用和方向的一个良好的实验田。关于MOOC的知识挖掘，教学资源推荐，学生行为预测、干预等研究近年来如雨后春笋般涌现。在本次报告中，讲者从在线教育的不同角度出发，介绍知识智能在其中的已有研究工作以及可能切入的方向。
2020高校人工智能人才培养论坛,,,1615,为贯彻落实《国务院关于印发新一代人工智能发展规划的通知》（国发〔2017〕35号）和《教育部关于印发<高等学校人工智能创新行动计划>的通知》（教技〔2018〕3号）等文件精神，加强高校人工智能人才培养和产教协同育人，由教育部国际合作与交流司、科学技术司指导，教育部中外人文交流中心主办，清华大学承办的“中国高校人工智能人才国际培养计划”2020高校人工智能人才培养论坛于2020年10月24日在清华大学举办。
NLP应用中Transformer模型线上服务加速的业界实践,方佳瑞,清华大学,299,本次分享将介绍如何通过高性能计算手段Transformer类算法落地问题，为实际业务带来受益。分享将重点介绍微信模式识别中心最新开源的一个名为TurboTransformers的Transformer推理加速工具。它结合NLP推理任务特点而量身定制，使用简单，可以获得超过业界其他方案的CPU/GPU性能表现。TurboTransformers已应用于腾讯内部丰富的Transformer的线上服务场景中。
自监督学习在视觉场景中的研究新进展,"詹晓航,李顺恺",香港中文大学,233,自监督学习是指从数据本身产生某种形式的标签并训练神经网络，用来解决某些特定任务或者学习通用的图像、视频、语言的特征表达。在学术界，自监督学习被证明可以解决光流预测、深度估计、场景遮挡等问题，不需要额外的人工标签。另外，基于自监督学习的无监督表征学习近年来也获得了飞速发展，大有超越有监督表征学习的趋势。本次talk将结合两篇CVPR 2020 Oral文章，讲解自监督学习方法在场景去遮挡、视觉里程计方面的最新成果。
如何迈向高效深度神经网络模型架构？,,,1017,如何迈向高效深度神经网络模型架构？
"CVPR2020""最佳论文""对cv领域的启发",黄高,清华大学,157,"CVPR2020""最佳论文""对cv领域的启发。"
KdConv: 知识驱动的中文多轮对话数据集,郑楚杰,清华大学,115,在非任务导向型人机对话系统领域，尽管对话生成的任务得到了广泛的研究，但是对于驱动对话生成的知识的建模却由于缺少数据支持亟待研究。如可以在多轮对话中有效的对知识的交互进行建模，则可以极大地提升对话系统的逻辑性，信息量，可解释性等智能化程度，从而带来更好的用户体验。在本次分享中，讲者将介绍一个最新构造的知识驱动的中文多轮对话数据集KdConv，并分析知识建模在对话系统中的应用。
计算机二级公共基础知识,张宁,学堂在线,114,讲解计算机二级公共基础知识，帮你备考计算机二级，课程适用于计算机二级各科目考生。
MixText: Linguistically-Informed Interpolation of Hidden Space for Semi-Supervised Text Classification,陈佳奥,佐治亚理工学院,146,本工作被ACL2020接受。在这个工作中，我们首先提出了一种用于文本的新的data augmentation的方式，TMix。 TMix通过在hidden space中对于不同的training samples做linear interpolation生成新的training data用于训练。基于TMix与consistency training，我们进一步提出新的用于文本分类的半监督模型，MixText。 MixText在labeled data十分有限的情况下，显著的提升了分类准确率。例如每类仅需要10个labeled sentence既可以在AG News上达到88.4%的准确率。并且我们开源了我们的代码：https: //github.com/GT-SALT/MixText 。
AI TIME PhD 浙江大学CAD&CG国家重点实验室专场一,,,1493,AI TIME PhD 浙江大学CAD&CG国家重点实验室专场一
基于搜索日志、多维度信息的新冠肺炎风险预测,"叶子逸,曾奥涵",清华大学,133,利用以搜索日志为基础的用户行为数据，生成额外的特征信息，可以有效协助新冠肺炎传播的预测，以便政府有关部门可以及时采取措施。对国家和地区的疫情风险指数进行量化评估，能够帮助用户更好的了解疫情的发展态势，同时也能对个人、企业、政府的复产复工作出提供指标参考。
计算机二级C语言程序设计,张宁,学堂在线,133,讲解计算机二级C语言程序设计，帮你备考计算机二级，课程适用于计算机二级C语言科目考生。
计算机视觉在地图领域的应用,滴滴-科技生态与发展部,滴滴,304,计算机视觉在地图领域的应用 & TIP计算机视觉顶级期刊论文解读（ECCV2018滴滴获得Mapillary街景检测单项世界第一）
自动化测试及修复神经网络翻译模型,孙泽宇,北京大学,215,机器翻译广泛应用于各个领域，现有神经网络测试工作均未在自然语言处理的模型上进行过测试。然而，我们发现在这些翻译模型中存在不一致性问题。因此，我们率先对机器翻译进行测试，并提出了一种用于检测及修复神经网络翻译器中所存在的不一致性问题的方法 TransRepair。TransRepair 结合了变异测试及蜕变测试两种方法以检测不一致性问题。对于所检测的问题，我们提出了一种基于概率的后处理方法以对该问题进行修复。事实上，在本文尚未在国际会议上进行展示的情况下，便受到包括Google、Facebook和腾讯在内的各大公司的重视，一定程度上体现了该论文的影响力。
在线教学网络研讨会会议精彩回放,"张莉,赵宏,郑莉",中国农业大学,564,在线教学网络研讨会会议精彩回放
如何写好一篇论文？,,,1600,如何写好一篇论文？
对神经网络对抗鲁棒性正则化的认识,温宇馨,华南理工大学,129,对抗样本的存在表明现代神经网络是相当脆弱的。为解决这一问题，研究者相继提出了许多方法，其中使用对抗样本进行训练被认为是至今最有效的方法之一。然而，经过对抗训练后神经网络对于正常样本的性能往往会下降，这一问题引起了学术界的广泛关注，这种准确度与鲁棒性之间互相妥协的本质原因仍未被找出。在这一工作中，我们从正则化的角度来研究神经网络的对抗鲁棒性。我们指出，经过对抗训练之后的网络在特征空间的绝大多数方向上将被平滑，导致样本集中于决策边界附近；换言之，经过对抗训练的网络输出往往是相对低置信度的，这种网络对于正常样本的性能往往也是更差的。我们的研究表明，我们应该以更温和的手段来构建对抗鲁棒性，避免过度正则化。
CVPR2020竞赛经验分享会,滴滴-科技生态与发展部,滴滴,110,CVPR2020竞赛经验分享会
驭风计划：培养人工智能青年人才【第二期】,张敏,学堂在线,102,驭风计划2021【2期】 清华教授丨企业导师丨职业规划丨项目实训丨实习内推丨硕博助教
Graph Representation Learning for Drug Discovery,史晨策,MILA,91,发现一种可以治愈人类某种疾病的新药，特别是要将这款新药推向市场，是一个漫长且昂贵的过程，估计需要 10 年以上的时间，平均耗费为 25 亿美元。最近几十年以来，科学家们一直在寻求通过现代计算技术来辅助新药发现的过程， 特别是人工智能和深度学习在这个领域得到了越来越多的关注。本报告汇报了我们在新药发现领域的两个工作：（1）我们提出了一个基于自回归流模型的分子图生成模型 GraphAF。实验结果表明，GraphAF可以生成真实、新颖、独特且多样的分子，而且所有生成的分子在化学意义上都 是合理的，在分子性质优化任务上也取得了最好的效果。（2）我们提出了可以预测分子逆合成路线的模型G2Gs。G2Gs不依赖任何反应模版并且也不依赖子图同构。它通过一系列图变换，将产物分子转换(或称为翻译)到反应物分子。实验结果表明，G2Gs的性能远优于不依赖反应模版的方法，它的性能与基于模版的方法相近，但是它不依赖领域知识和子图同构，且具有更好的可扩展性。
AI TIME PhD 浙江大学CAD&CG国家重点实验室专场二,,,1210,AI TIME PhD 浙江大学CAD&CG国家重点实验室专场二
度量和改进图信息在图神经网络中的使用,侯逸帆,香港中文大学,90,泛化性能问题是深度学习的一个基础理论问题，传统的泛化理论在解释深度学习的泛化性能上遇到困难。本文中提出一个全新的角度来理解深度学习的泛化性能问题。
AI分割技术在快手平台的应用,宋丛礼,清华大学,129,近年来短视频成为一种重要的互联网内容传播方式，并崛起了一批优质UGC内容生产者。快手作为一家短视频领域的科技公司，用AI技术帮助生产者来生产更优质的内容以及为消费者带来更新奇的体验，从而让普通大众享受到了科技带来的福利，实现了科技普惠。此次分享将重点介绍AI分割技术在快手平台中的应用，窥探AI技术如何从理论走向落地，如何服务用户并带来新奇体验。 
智谱新冠流行预测大赛线上颁奖&AI TIME 线上分享,"李涓子,刘德兵,张鹏",清华大学,126,本次直播内容为智谱新冠流行预测大赛线上颁奖&AI TIME 线上分享。
Engineering Responsible AI,沈向洋,清华大学,171,"Recent achievements and advancements in AI have outpaced what anyone would have thought imaginable even five to ten years ago. For instance, we are fast approaching human parity across many areas of AI — speech, vision, language and knowledge. But many practitioners building AI technology and deploying AI products have not always thought through the societal implications such as fairness and transparency.  In this talk, Dr. Shum will discuss how we can best address these societal challenges before the next AI innovation and development cycle. Up to this point, the answer has centered on principles – guidelines to help companies and countries navigate the complexities and implications of AI. But principles alone are no longer enough—industry, academia and government need to take actions now to move from principles to practices. Dr. Shum will share what Microsoft AI and Research have been practicing, from doing research in explainable and interpretable AI, to leveraging useful tools like datasheets and checklists commonly used in other industries, to forming an internal AI ethics committee providing guidelines for shipping AI products, to sharing and learning best practices with other companies through the Partnership in AI."
从梯度信噪比来理解深度学习泛化性能为什么这么好,刘锦龙,清华大学,148,泛化性能问题是深度学习的一个基础理论问题，传统的泛化理论在解释深度学习的泛化性能上遇到困难。本文中提出一个全新的角度来理解深度学习的泛化性能问题。
任务导向对话的数据和平台建设,朱祺,清华大学,100,近年来，任务导向对话受到了越来越多的关注，涌现出许多数据集和基于神经网络的模型。为了推动多领域对话的研究和填补中文数据的空白，我们提出了CrossWOZ，第一个中文大规模任务导向对话数据集。此外，为了对多种形式构建的对话系统进行统一端到端评测，我们开发了ConvLab-2对话平台，支持用最新的模型快速搭建、评估、诊断对话系统。
对话系统中的个性化回复生成与异常输入检测,郑银河,清华大学,95,对话系统的可控性对于实用系统来说是一个至关重要的问题。本次分享中，我们将在自然语言生成（NLG）和自然语言理解（NLU）两个方面讨论对话系统的可控性：我们会首先介绍如何在生成自然语言回复的过程中融入特定的个性化信息，然后我们会讨论如何在自然语言理解模块中有效地识别用户的异常输入。
低资源场景下的对话系统任务的模型定制,宋伊萍,北京大学,94,用最少的语料训练生成模型是构建开放域对话系统的关键挑战之一。现有的方法倾向于使用元学习框架，首先预训练所有非目标任务的参数，然后在目标任务上进行微调。然而，微调的方法仅仅将不同任务从参数角度区分开来，却忽略了模型的结构，因此容易产生相似的对话模型。因此，我们提出了CMAML算法，可以为每一个对话任务定制一个独特的模型。在CMAML中，每个对话模型由一个共享模块、一个选通模块和一个私有模块组成。前两个模块是所有任务共享的，第三个私有模块具有独特的网络结构与参数，以捕捉相应任务的特征。训练中，不相似的任务网络结构没有重叠，相似的任务共享部分网络结构和参数，因此CMAML可以适用于低资源场景。在两个数据集上的实验表明，CMAML在任务一致性、回复质量和多样性方面都优于所有基线模型，且在低资源文本生成任务上具有较强的通用性。
TIMME: Twitter Ideology-detection via Multi-task Multi-relational Embedding,肖之屏,加州大学洛杉矶分校,138,本工作被KDD2020 ADS Track接受，相关视频等资料下载 http://web.cs.ucla.edu/~patricia.xiao/timme.html。社交网络上的意识形态分类任务有很广阔的应用场景。本工作从推特（Twitter）数据入手，获取推特数据后拟用图神经网络（graph neural network）解决此问题。主流的图嵌入模型研究仅关注规模小而稀疏，并且标签（label）丰富的数据集，比如学术网络数据。许多真实应用场景，譬如推特这种社交网络数据，规模大且连接稠密，但是标签却异常稀疏。这种大而稠密的数据使得主流嵌入模型效率很低，标签稀疏又非常容易产生过拟合现象。真实场景下的数据还往往具有特征（feature）不完全性和异质性的特点，进而带来更大的挑战。本工作提出了TIMME，一种针对多任务多关系的嵌入模型，利用多种关系类型作为补充来处理规模庞大而标签稀疏的图数据，并且进一步提出了可以使得本模型能在特征缺失的情况下使用不完整的特征进行学习的方法。针对规模大而关系异质的问题，本工作首先采用多关系的图卷积网络对特征进行编码；同时为了解决缺失特征的问题，当特征不完整时，将缺失部分的特征视作可训练的参数。然后采用多任务解码器，让多个任务互相协助，从而解决标签稀疏的问题。代码和数据都已公开https://github.com/PatriciaXiao/TIMME 。
AI TIME PHD - AAAI 专场三,,,838,AI TIME PHD - AAAI 专场三
多领域端到端任务型对话系统研究分享,覃立波,哈尔滨工业大学,357,目前端到端任务型对话系统已经取得了一定的成功，但是现有的系统很少关注于多领域场景。在对话数据标注十分困难的情况下，如何有效利用所有领域的数据来提高每一个对话领域(尤其是数据稀少的领域)性能的多领域端到端任务型对话系统是一个值得研究的方向。 本次将重点分享我们在ACL2020的工作，一个基于动态聚合网络的多领域端到端任务型对话系统，该系统不仅取得了目前的SOTA效果，并且在few-shot场景下取得了12.6%的显著提升。 亮点： 1.我们在端到端任务型对话系统提出使用shared-private框架去捕获领域共有和领域特定的特征，并进一步提出动态聚合函数取学习不同领域之间的相关性。 2.我们的模型仅取得了目前的SOTA效果，并且在few-shot场景下取得了12.6%的显著提升，能够很快适配到新的领域。
轮式机器人入门,索毅,学堂在线,52,全英文的“轮式机器人”课程，由Popular Robotics-博普乐的创始人，毕业于清华大学自动化系的 Sot-索毅博士及研发。这套课程不仅可以教授学生基础知识，还为想参加权威的世界机器人大赛 RoboCup 的学生做好充分准备！开课近一年受到学生及家长的诸多好评。
AI TIME PhD ICLR专场五,,,1225,AI TIME PhD ICLR专场五
计算机网络基础,"刘义福,易娟,刘莎莎",江西省井冈山经贸学校,83,通过对计算机网络基础知识的学习，让学生对互联网、计算机知识有一定的了解，激发学生学习计算机的兴趣与动力。
不止于准确性：使用CheckList为NLP模型的进行行为测试,吴彤霜,华盛顿大学,115,不止于准确性：使用CheckList为NLP模型的进行行为测试
智能技术与系统,,,466,智能技术与系统博论：智能技术与系统  
任务导向型对话系统评测,高信龙一,清华大学,116,创建一个任务导向型对话系统以完成用户需求在近年来受到了越来越多的关注。虽然很多研究提出新的方法以评价或改进个别模块的性能，在关于各个组件如何促进一个对话系统的整体性能上还缺少全面的实证分析。本次报告中，我将系统性的介绍任务导向型对话系统评测，并针对各类模型、各类配置、各类设定的多轮对话系统进行全面的系统评测，并作详细的实证分析和讨论。
结合词典的中文命名实体识别,李孝男,复旦大学,167,命名实体识别是一个重要且实用的任务。近年来，将词典信息加入模型被证明对中文命名实体识别任务很有效。但是结合词典的方法通常会使输入变为一个动态的结构，模型需要在运行时动态改别结构来表征输入，导致无法有效利用GPU的并行计算，运行速度缓慢。我们提出了FLAT模型，在Transformer的基础上，采用一个特殊的位置编码表征输入结构，而不需要在运行时改变结构来表征输入。实验结果显示我们的模型在识别实体的正确率以及运行速度上均有良好的表现。这个工作已被ACL2020接收。
细粒度实体分类综述,金海龙,清华大学,70,实体分类是知识图谱构建和补全的重要子任务，近些年来吸引了越来越多的研究兴趣。细粒度实体分类相比于传统的命名实体识别，类别数量更多，需要考虑类别之间的依赖关系，为实体提供了更加丰富的语义信息，有助于关系抽取，实体链接，问答系统等下游任务。在这次报告中，讲者将梳理细粒度实体分类任务发展的脉络，以及对未来发展方向作出展望。
AI TIME PHD AAAI专场七,,,675,AI TIME PHD AAAI专场七
神经机器翻译中的曝光偏差，幻觉翻译与跨域稳定性,王朝君,爱丁堡大学,210,神经机器翻译中的标准训练策略存在曝光偏差问题。即使已有研究提出缓解曝光偏差方法，但是曝光偏差造成的实际影响仍然存在争议。本文，我们将曝光偏差与神经机器翻译中另一个广泛讨论的问题，即跨域下产生幻觉翻译联系起来。通过三个数据集多个测试域的实验，我们证实曝光偏差是导致幻觉翻译的原因之一。使用最小风险训练模型，避免暴露偏差，即可减轻幻觉翻译。我们的分析实验解释了为什么曝光偏差在跨域的场景下会造成更严重的问题，并且证实了曝光偏差与束搜索矛盾问题（即增加搜索束宽性能恶化）之间的联系。本文的实验发现为减少暴露偏差的相关方法提供了一个新的佐证：即使它们不能提高域内测试集的性能，它们仍旧可以提高模型的跨域稳定性。
AI TIME PhD 哈工大HIT-SCIR实验室专场一,,,890,AI TIME PhD 哈工大HIT-SCIR实验室专场一
计算机二级Python语言程序设计,李挺,学堂在线,47,讲解计算机二级Python语言程序设计，帮你备考计算机二级，课程适用于计算机二级Python语言科目考生。
AI TIME PhD：AI+行为经济学,,,154,AI TIME PhD：AI+行为经济学
南开大学信息安全微专业（002期）,"刘哲理,王志,李朝晖,张玉",南开大学,31,南开大学信息安全微专业是由南开大学网络空间安全学院推出，学堂在线独家运营的认证项目。该项目旨在为广大的信息安全从业人员，在校的学生，信息安全关注者提供一个系统学习，练习与认证的路径。该项目中的课程设计不仅包含视频内容，而且搭配了丰富的实践案例，首创的在线微答辩，企业导师分享等重要组成元素。
AI TIME PHD AAAI专场五,,,526,AI TIME PHD AAAI专场五
AI TIME PhD 哈工大HIT-SCIR实验室专场二,,,1566,AI TIME PhD 哈工大HIT-SCIR实验室专场二
基于神经隐变量模型的对话状态推理,闵庆凯,南京航空航天大学,92,对话状态模块是任务型对话系统中的核心部件，目前主流的对话状态跟踪的方法需要在大量人工标注的数据上进行训练。然而，对于现实世界中的各种客户服务对话系统来说，人工标注的过程存在代价高、标注慢、错误率高以及难以覆盖数量庞大的不同领域等问题。基于这些问题，我们提出了一个新的任务：对话状态推理，目标是从大量无标注的客服对话记录中自动挖掘对话的状态，并提出了两个基于神经隐变量的模型来实现无监督的对话状态推理，同时我们在下游的对话生成任务中进行了验证，实验结果表明，相比于缺少对话状态的对话系统，使用我们推理得到的对话状态可以获得更好的表现。
Compilers Techniques,"贾棋,徐秀娟,任志磊,江贺",大连理工大学,76,"Compiler techniques is a major course of computer, software engineering, and artificial intelligence. It is an important course with strong practicality and technicality. The main task of this course is to comprehensively introduce the general principle and basic implementation method of compilers construction. Through the study of this course, students can master the basic process and method of compilers software design."
基于学习排序的对话模型预训练策略,,,512,基于学习排序的对话模型预训练策略
AI TIME PHD AAAI专场六,,,1880,AI TIME PHD AAAI专场六
WEB前端应用技术,伍红华,湖北理工学院,63,同学们好，欢迎来到WEB的世界。
探究句法信息对于基于句法距离的语言模型影响,杜文宇,西湖大学,691,研究人类的语言学知识对于自然语言处理中模型的影响是一个长盛不衰的话题。具体对于语言模型（language model）任务，早在n-gram时代，将句法信息融入模型中就是学界的主流，这被称为结构化语言模型（structured language modeling）。但随着神经网络在上个十年的复兴，现代的基于神经网络的语言模型往往用百万级参数去直接拟合生文本分布，忽略了任何结构化的句法信息。目前只有少数工作研究了结构化信息对于语言模型的影响，本文基于其中的一个流派，即基于句法距离的语言模型作为基线，研究了人类句法结构对于该类语言模型的影响，通过增加句法信息到模型中，我们成功的提升了语言模型的性能，我们接着开展了详尽的分析来研究新增的句法信息对于模型生成结构的影响。该工作同蒙特利尔人工智能研究所（MILA）合作，已发表在ACL 2020。
我的科研生涯：从博士到博导,,,199,我的科研生涯：从博士到博导
AI TIME：随机梯度方法的学习理论,,,169,AI TIME：随机梯度方法的学习理论 
零基础入门旷视天元MegEngine,"杨滔,刘清一,周亦庄,赵凯,王鹏,王枫,黎泽明",北京旷视科技有限公司,44,本系列课程，通过对深度学习基本概念、模型的搭建与训练、物体分类和识别模型、模型的部署与优化等深度学习开发过程中必要环节的讲解与代码演示，帮助开发者通过线上课程掌握基本知识和技能。
AI TIME PHD AAAI专场八,,,381,AI TIME PHD AAAI专场八
深度学习原理与PyTorch实战,张江,集智学园,22,此系列课程兼具理论与实践，是想要学习一门深度学习技术不可错过的课程。课程中不仅循序渐进地讲解了PyTorch的基本使用、神经网络的搭建、卷积神经网络和循环神经网络的实现，而且全面深入地介绍了计算机视觉、自然语言处理、迁移学习，以及最新的对抗学习和深度强化学习等前沿技术。
多语言学习：如何从兴趣到科研？,,,128,多语言学习：如何从兴趣到科研？
AI TIME：深度推荐系统的探索与实践,,,204,AI TIME：深度推荐系统的探索与实践
AI TIME：KDD 2021 专场一,,,130,AI TIME：KDD 2021 专场一
AI TIME:知识图谱的高效构建与工业应用,,,148,AI TIME:知识图谱的高效构建与工业应用
AI TIME PhD 北航ACT实验室专场一,,,223,AI TIME PhD 北航ACT实验室专场一
AI TIME PhD ICLR专场七,,,1031,AI TIME PhD ICLR专场七
The 3rd TBSI Workshop on Learning Theory,,,1404,"The 3rd TBSI Workshop on Learning Theory July 5th-7th,2021   Shenzhen,China  TBSI-WOLT’21 is co-hosted by Tsinghua-Berkeley Shenzhen Institute (TBSI) and Shenzhen Research Institute of Big Data.  The annual TBSI Workshop on Learning Theory aims to bring together the world's leading researchers in computer science, information theory, and related fields, as well as the next generation of outstanding young scholars, to explore deep unsolved problems about the machine learning and information theory. This year, TBSI WOLT’21 will feature talks by 13 distinguished researchers, Tsinghua Electronic Information Alumni Forum (Shenzhen) by outstanding alumni of Tsinghua University and poster presentations by students."
基于元适应合成弱监督的少样本文档排序方法,,,125,基于元适应合成弱监督的少样本文档排序方法
AI TIME：复杂稀缺类分析,,,125,AI TIME：复杂稀缺类分析
疾风计划2022【一年挑战计算机专业】,"郑莉,李超,徐明星",学堂在线,14,疾风计划2022【一年挑战计算机专业】【双十一钜惠上线】 985教授丨专属助教丨专业认证丨系统核心丨修炼内功丨全额奖励 
对话系统中的共情表达与情绪支持方法研究,,,93,对话系统中的共情表达与情绪支持方法研究
AI TIME PhD：浙江大学专场二,,,62,AI TIME PhD：浙江大学专场二
基于神经网络模型的开放领域对话系统研究,,,47,基于神经网络模型的开放领域对话系统研究
AI TIME PhD Debate-7：因果推理的应用与发展,,,165,AI TIME PhD Debate-7：因果推理的应用与发展
AI TIME:KDD2021-5,,,89,AI TIME:KDD2021-5
AI TIME：顶会也有这么多知识？,,,61,AI TIME：顶会也有这么多知识？
理解自监督学习知识蒸馏和二值化网络,,,139,理解自监督学习知识蒸馏和二值化网络
AI TIME 走进深圳大学城,,,48,AI TIME 走进深圳大学城
康奈尔大学用户体验设计认证证书项目,Gilly Leshed,Cornell University,13,随着数字产品的崛起，用户体验设计正在迅速成为当今受人青睐的职业之一。 该项目由康奈尔大学计算信息科学系高级讲师授课，旨在通过以人为本的设计，将用户及其需求作为研究重点的做法，来处理UX和其他形式的产品设计。包括创造有效和愉快的用户体验，以及用户研究团队和产品之间道德和安全的互动。
语义解析漫谈：机会与挑战,,,136,语义解析漫谈：机会与挑战
AI TIME：无监督学习的公平性研究,,,117,AI TIME：无监督学习的公平性研究
多模态学习的机遇与挑战,,,54,多模态学习的机遇与挑战
AI TIME:KDD2021-6,,,188,AI TIME:KDD2021-6
弱监督问答中缓解有害推理方案影响的模型训练算法研究,,,93,弱监督问答中缓解有害推理方案影响的模型训练算法研究
AI TIME PhD：清华CoAI小组,,,38,AI TIME PhD：清华CoAI小组
AI TIME PhD 北航ACT实验室专场二,,,39,AI TIME PhD 北航ACT实验室专场二
AI TIME：顶会也有这么多知识？,,,109,AI TIME：顶会也有这么多知识？
图神经网络及其自监督学习,,,91,图神经网络及其自监督学习
AI TIME：你的KDD小课堂,,,59,AI TIME：你的KDD小课堂
如何做好学术检索？,,,93,如何做好学术检索？
AI TIME 如何迈向知识驱动的人工智能 ？,,,60,AI TIME 如何迈向知识驱动的人工智能 ？
面向人类和多智能策略的评估,,,54,面向人类和多智能策略的评估
"Identity, Agency, Equality and Security in the Age of AI",Hae Chin Moon,梨花女子大学,11,"This course will explore some critical issues and especially ethical challenges that have arisen with the development and proliferation of AI-powered systems. The topics that will be considered throughout the semester include the historical background and the current state of AI as well as its impact on such areas as employment, security, privacy, bias, and creativity."
AI TIME：ICML 2021-5,,,92,AI TIME：ICML 2021-5 
非自回归文本生成模型及其在风格迁移上的应用,,,34,非自回归文本生成模型及其在风格迁移上的应用
AI TIME PhD：ACL2021-1,,,115,AI TIME PhD：ACL2021-1
AI TIME PhD ICML 2021 专场二,,,90,AI TIME PhD ICML 2021 专场二
AI TIME PhD：ACL 专场三,,,62,AI TIME PhD：ACL 专场三 
AI TIME PhD ICLR专场四,,,69,AI TIME PhD ICLR专场四
基于结构化知识与非结构化知识的任务型对话系统,,,81,基于结构化知识与非结构化知识的任务型对话系统
AI TIME:KDD2021-4,,,83,AI TIME:KDD2021-4
AI TIME PhD：浙江大学专场一,,,58,AI TIME PhD：浙江大学专场一
AI TIME PhD ICML 2021 专场一,,,91,AI TIME PhD ICML 2021 专场一
人脑VS机器？AI时代经济决策的机遇与挑战？,,,56,人脑VS机器？AI时代经济决策的机遇与挑战？
AI TIME PhD ICLR专场六,,,63,AI TIME PhD ICLR专场六
AI TIME CVPR 专场二,,,139,AI TIME CVPR 专场二
AI TIME PhD 华南理工实验室专场二,,,27,AI TIME PhD 华南理工实验室专场二
AI TIME CVPR 专场一,,,49,AI TIME CVPR 专场一
AI TIME：ICML科普,,,14,AI TIME：ICML科普
对比学习与多阶段模型框架在文本摘要任务中的应用,,,99,对比学习与多阶段模型框架在文本摘要任务中的应用
AI TIME PhD 华南理工实验室专场一,,,51,AI TIME PhD 华南理工实验室专场一
AI TIME PhD ICLR专场二,,,36,AI TIME PhD ICLR专场二
AI TIME：顶会知识唠唠嗑,,,95,AI TIME：顶会知识唠唠嗑
AI TIME CVPR 专场三,,,45,AI TIME CVPR 专场三
AI TIME：ACL 2021专场四,,,41,AI TIME：ACL 2021专场四
开放端故事生成评价指标的评测基准及长文本生成的连贯性建模,,,41,开放端故事生成评价指标的评测基准及长文本生成的连贯性建模
AI TIME PhD ICLR专场一,,,25,AI TIME PhD ICLR专场一
AI TIME ACL 预讲会,,,38,AI TIME ACL 预讲会
AI TIME：KDD 2021-2,,,50,AI TIME：KDD 2021-2
AI TIME：ICML 2021-4,,,53,AI TIME：ICML 2021-4
AI TIME PhD ICLR专场三,,,36,AI TIME PhD ICLR专场三
基于语义生成概率的无监督常识问答方法,,,43,基于语义生成概率的无监督常识问答方法
AI TIME:KDD2021-3,,,43,AI TIME:KDD2021-3
AI TIME：基于动态期限的电动共享汽车实时车队管理,,,40,AI TIME：基于动态期限的电动共享汽车实时车队管理
AI TIME：ICML 2021-6,,,14,AI TIME：ICML 2021-6
AI TIME：ICML 2021-3,,,32,AI TIME：ICML 2021-3
AI TIME CVPR 专场五,,,40,AI TIME CVPR 专场五
AI TIME:KDD2021-7,,,51,AI TIME:KDD2021-7
AI TIME：迈向更快更好的图学习——图表示学习算法增强框架,,,1,AI TIME：迈向更快更好的图学习——图表示学习算法增强框架
